category,site,site_type,title,price,shipping,currency,condition,url
gundam,eBay,marketplace,"#128 Master Gundam & Fuunsaiki G Gundam, Bandai Hobby 1/144 HGFC",35.0,0.0,USD,New,https://www.ebay.com/itm/178251688945?_skw=gundam&hash=item2980a0ebf1:g:GAsAAeSwj-dqO~Ru
gundam,eBay,marketplace,Bandai Gundam Stardust Memory HGUC MS-06F Zaku II FZ HG 1/144 Model Kit USA,26.15,0.0,USD,New,https://www.ebay.com/itm/137620839610?_skw=gundam&hash=item200ad75cba:g:rjAAAeSwjhxqh4hM
gundam,eBay,marketplace,"BAN2001365 Bandai MG MS-06J Zaku II Ground Type (Ver. 2.0) ""Gundam""",42.3,,USD,New,https://www.ebay.com/itm/206501617327?_skw=gundam&hash=item3014749eaf:g:hRUAAeSw-9FqhQpc
gundam,eBay,marketplace,"#6 Z'Gok Mobile Suit Gundam, Bandai Hobby HGUC 1/144",12.0,0.0,USD,New,https://www.ebay.com/itm/178251688855?_skw=gundam&hash=item2980a0eb97:g:eFEAAeSwBsFqO~It
gundam,eBay,marketplace,Bandai Gundam UC Gouf Ignited (Heine Westenfluss Custom) HG 1/144 Model Kit,39.18,0.0,USD,New,https://www.ebay.com/itm/147504789111?_skw=gundam&hash=item2257f87677:g:k8YAAeSwJ9tqh43k
gundam,eBay,marketplace,Bandai Gundam Build Fighters Kampfer Amazing HG 1/144 Scale Model Kit,30.32,0.0,USD,New,https://www.ebay.com/itm/147504673954?_skw=gundam&hash=item2257f6b4a2:g:~6MAAeSw~gJqh38j
gundam,eBay,marketplace,"#269 Gouf Ignited (Heine Westenfluss Custom) Mobile Suit Gundam SEED DESTINY, B",34.0,0.0,USD,New,https://www.ebay.com/itm/178251688941?_skw=gundam&hash=item2980a0ebed:g:AqQAAeSwiRFqO~Gn
gundam,eBay,marketplace,"Gundam Barbatos Gundam IBO, Bandai Hobby MG 1/100",61.0,0.0,USD,New,https://www.ebay.com/itm/188555189299?_skw=gundam&hash=item2be6c3dc33:g:Z90AAeSwArRqO~F4
gundam,eBay,marketplace,Gundam Sandrock EW Gundam Wing: Endless Waltz Bandai Hobby MG 1/100,48.0,0.0,USD,New,https://www.ebay.com/itm/128011804474?_skw=gundam&hash=item1dce191f3a:g:FRMAAeSwlDZqcvyh
gundam,eBay,marketplace,Premium Bandai RE/100 Gundam Lindwurm 1/100 Model Kit,75.0,,USD,New,https://www.ebay.com/itm/128036845647?_skw=gundam&hash=item1dcf97384f:g:-W8AAeSw02Jqh2kF
gundam,eBay,marketplace,Bandai Gundam RX-78-2 Ver.2.0 MG 1/100 Scale Model Kit USA Seller,51.0,0.0,USD,New,https://www.ebay.com/itm/147476547529?_skw=gundam&hash=item22564987c9:g:IuUAAeSw5NJqh0df
gundam,eBay,marketplace,Bandai Gundam HGUC LM312V04 Victory Gundam HG 1/144 Scale Model Kit USA Seller,21.95,0.0,USD,New,https://www.ebay.com/itm/137543796896?_skw=gundam&hash=item20063fc8a0:g:z6YAAeSw8fdqgFe4
gundam,eBay,marketplace,HG 1/144 TR-1 Hazel II Titans Color Assembly Model Kit,24.45,0.0,USD,New,https://www.ebay.com/itm/128031804985?_skw=gundam&hash=item1dcf4a4e39:g:Vl8AAeSwR-1qg4on
gundam,eBay,marketplace,RG40B 1/144 RX-78-2 Ver 2.0 Hatsune Miku Color Gunpla Model Kit Toy,36.99,0.0,USD,New,https://www.ebay.com/itm/327246287934?_skw=gundam&hash=item4c3166143e:g:zRcAAeSwEZhqSPMT&amdata=enc%3AAQALAAAA4ACCtXRWQnOEpyOqnQQ8KGbdXK4958913qv9GH1okQFOmo0CSHtjR1cFfHSKYxwzLvt7n0yHdDwqFm0AUXH%2B0FM22PWL6C7t44xH%2FedQ2tO%2Bz8M3PctsOd2lj7sI5Sx4vun8sdBf7TgTthviJvfnc4yuxLDkdohepo7PdvsEix%2ByEvP%2FTsE4LVbeGGGsud4JvDg1j02b3EsCHS0tY4gD0DciQt44hz4a9MEltayeN3eo64aLScCIXV1ED1NMF8vCqnGH4bVDPzMkRs2AteSHhtu0ulUXz4zbMjoMH%2FWyUdci
gundam,eBay,marketplace,1/144 HG Southern Cross Zaku High Mobility Wald Leader Model Kit PB,23.65,0.0,USD,New,https://www.ebay.com/itm/178397668965?_skw=gundam&hash=item2989546665:g:FHUAAeSwtH5qe6Ma&amdata=enc%3AAQALAAAA4ACCtXRWQnOEpyOqnQQ8KGbhMo2uYhd21ssun%2FyvgMRaomkpnsKavzQ%2FGWFFpQBNWZX2%2BM3dkeSEU2M4MYiBRhM5YRsy5hZOAMGOh1fQtmRSYfyXESnI10hGcwLSVt5%2B8qAjtB%2B5sngevbMx5%2B7HhiW7Ka8HYP%2B3knBuAf49AnbP8UCkCikzTRvFsd0h3GAIyXpnwUC4EJUqw2OaVci5%2FX5CfXT9ul7l8fMxG%2FRAtDTugOLcPAs%2FH4XoecsptcfOHZeOnAfhXcOONl7IlQ6KJ21TRJjL7M%2Fjz1t%2F3vS4334h
gundam,eBay,marketplace,HG 1/144 GAT-X105 Mobile Suit Assembly Action Figure Model 6610B 7-Eleven Colors,16.99,0.0,USD,New,https://www.ebay.com/itm/398101593829?_skw=gundam&hash=item5cb0b43ee5:g:YeIAAeSwX61qO5kJ&amdata=enc%3AAQALAAAA4ACCtXRWQnOEpyOqnQQ8KGZsenMC87K0TI6P87ivf0e5cwZDaUWYRPisEVvSNU5vNmEUbSzz2D5hE%2BiaeUFYvrxaeyi%2BLmOr%2BIvnctJH--Wv8WdUBSDy07XBIHGzX3IH4vcsh%2B7sQxszqNtNB11YKozeb%2FZaOykMJu%2FhDDpFqcwfqR%2FBpQTnN2WF%2BIkAEkzwnbzTrrLe3R3km%2FA7YcnEIBJomaqaN2iBBOrPG1ZoPP2tDjUzWwEbem9ZaI4MIXnPZTnmwVjVG2jM%2FUUoYTNy9uZJKZNaGcJfmIKyeggavRQd
gundam,eBay,marketplace,Bandai Hobby Gundam MSN-04 Sazabi Version Ver. Ka MG 1/100 Model Kit USA Seller,116.11,0.0,USD,New,https://www.ebay.com/itm/147493295013?_skw=gundam&hash=item22574913a5:g:secAAeSwFfJqhuNQ
gundam,eBay,marketplace,Bandai Hobby MG 1/100 GUNNER ZAKU WARRIOR  LUNAMARIA HAWKE CUSTOM,75.0,0.0,USD,New,https://www.ebay.com/itm/287468366033?_skw=gundam&hash=item42ee7328d1:g:XIYAAeSw0ZZqWlhh
gundam,eBay,marketplace,Bandai G-Gundam GOD GUNDAM RG 1/144 Model Kit USA Seller,45.95,0.0,USD,New,https://www.ebay.com/itm/137549333057?_skw=gundam&hash=item2006944241:g:U8UAAeSwhthqg~gU
gundam,eBay,marketplace,Bandai Hobby Gundam Wing: Endless Waltz Sandrock Custom EW HG 1/144 Model Kit,49.95,0.0,USD,New,https://www.ebay.com/itm/147468676288?_skw=gundam&hash=item2255d16cc0:g:b98AAeSwfPFqh2lj
gundam,eBay,marketplace,Bandai MG 1/100 XXXG-01D Deathscythe EW (Roussette Unit) Model Kit NEW,88.0,0.0,USD,New,https://www.ebay.com/itm/257693592134?_skw=gundam&hash=item3bffbc2a46:g:vScAAeSwhYZqh4rt
gundam,eBay,marketplace,"#19 Char's Z'Gok Mobile Suit Gundam, Bandai Hobby HGUC 1/144",12.0,0.0,USD,New,https://www.ebay.com/itm/178251688883?_skw=gundam&hash=item2980a0ebb3:g:dFMAAeSwlmBqO~Ii
gundam,eBay,marketplace,Gundam Lot RG 1/144,130.0,15.0,USD,Used,https://www.ebay.com/itm/206506091031?_skw=gundam&hash=item3014b8e217:g:ReoAAeSwo8Jqhwhh
gundam,eBay,marketplace,Bandai 1/144 Gunpla Option Parts Set #11: Smoothbore Gun for Barbatos Gundam,4.41,2.99,USD,New,https://www.ebay.com/itm/404953417636?_skw=gundam&hash=item5e491ac7a4:g:mVoAAeSwcxBprbD~
gundam,eBay,marketplace,"#7 Union Flag Graham Custom Gundam 00, Bandai Hobby HG 00",16.0,0.0,USD,New,https://www.ebay.com/itm/188555189087?_skw=gundam&hash=item2be6c3db5f:g:YBkAAeSwA8BqO~IZ
gundam,eBay,marketplace,"#26 RX-78-02 Gundam Gundam The Origin, Bandai Hobby HG The Origin 1/144",31.0,0.0,USD,New,https://www.ebay.com/itm/187876405694?_skw=gundam&hash=item2bbe4e71be:g:~dkAAeSwS9pqO~GM
gundam,eBay,marketplace,HG 1/144 Gundam Model Kit Parts #02 - Replacement Spare Kitbashing - USA Seller,4.3,,USD,New,https://www.ebay.com/itm/117251015640?_skw=gundam&hash=item1b4cb483d8:g:lLQAAeSwWatqgUFw
gundam,eBay,marketplace,RG 1/144 RX-78-2 Gundam RG 1/144 MS-06S Zaku II Hatsune Miku Ver. Set of 2,170.0,0.0,USD,New,https://www.ebay.com/itm/227364928600?_skw=gundam&hash=item34f0017c58:g:V70AAeSwrWBqGwuX
gundam,eBay,marketplace,HG 1/144 Gundam Lfrith Jiu XGF-01 The Witch From Mercury Model Kit Figure Toy,21.99,0.0,USD,New,https://www.ebay.com/itm/236909488384?_skw=gundam&hash=item3728e7e900:g:ul8AAeSwoaFqROJT&amdata=enc%3AAQALAAAA4ACCtXRWQnOEpyOqnQQ8KGZgRyKwFlyD5LGmS1OjbJwds1dEqq8rodcyXyXDoSiOWhCCZ%2Bqn2mYYOl8TnanimdPLewnbtZqQM0ifZmUOHM91zqzetaYH8xPUnVHs2cpEID4k4S817BcVKFqy875i%2FttdVoBpGeag35azrJFd2TNVZXlVuZQ5uzAYh7PInRRMZwV1UKu17S1fDVfYs0LN7hn%2BUIqsloxEC3Imk03FooNd6ZRQb7qeQ7apl%2B7CPvIb5BPbPCMU%2BQhvy7xaa93wglsnPKYWEmevR2iRbJPZ6XQE
gundam,eBay,marketplace,Bandai Gundam HG 1/144 Gundnode - Witch From Mercury 🪿US Seller🪿,49.99,0.0,USD,New,https://www.ebay.com/itm/318751089587?_skw=gundam&hash=item4a370ba3b3:g:~7AAAeSw0KVqhPf3&amdata=enc%3AAQALAAAA4ACCtXRWQnOEpyOqnQQ8KGb3UKXGGqd8mjALVnX3nSMM%2F264Bisi%2F6AWHmAkSz9JJqbIdkM8gVHIyndeYAdqEUf91BxLzQYARskh5KzKuLO2knS73wpPsN3VW5wHX33yPFoKubUKFGRy%2BSym9kh0beCkfDp32mzi5G8QrV1yunQqyZ6L%2BVSbNXYqXDUxd6CrjlWEw0VKZtm1premjAkB--bFJxt1cVyUWAVgUHwIKZX0tjOHuSVuwuOMK53sz0ukCaJ7SaoKiV6X2xBBlNmR6oih97juVUTrwjGi1cZOmeYn
gundam,eBay,marketplace,HG 1/144 MS-07H-8 Gouf Flight Type Model Kit Anime Action Figure Toy Gift,29.9,0.0,USD,New,https://www.ebay.com/itm/389966307054?_skw=gundam&hash=item5acbcd9eee:g:wuQAAeSwI-5p9lHJ&amdata=enc%3AAQALAAAA4ACCtXRWQnOEpyOqnQQ8KGad3ZpiaSeR1G1%2FltR8Yn6LCibbPz9KXTeQJ0VIt11csO8m81%2BJNs2zM3X2c%2BJjdAUogYte2P5oXdJpjkNT2bRdq1kALhxWL3D0C5mmCG3lQIXwykFTNx7bnNWrO2Q5vrtYFLVrWyFX5oDZnhZSFJ8hrnUXbCjNvK3UpSswvOzlNDp%2FCdel2dLoEOCDbQExWIRqhTdBo%2BXCRbqtO9FffZo1G%2BkoedUfJnYWmDBYC%2FAAmLxjNR3q%2BFcyIZdroKG5kEtdPXLiadknbf%2BGFqIxG%2Bsn
gundam,eBay,marketplace,HG 1/144 GTO MS-06C-6/R6 Zaku II Type C-6 Mecha Model Kit Figure Toy Gift Robots,17.99,0.0,USD,New,https://www.ebay.com/itm/236819433301?_skw=gundam&hash=item372389c755:g:FFEAAeSwkB5qCBOj&amdata=enc%3AAQALAAAA4ACCtXRWQnOEpyOqnQQ8KGb4FdVrI3w0FL1L%2FJUY999B4rMS4yP2Zyhuf4NcZyu7zYhefaxtnNQH8Sojjp3rtb6Vk%2FTKVvDwJ8LQYPcN8nfAufO%2BG8tMMZW4Y8UNQoAoeTZlRH8YRjZO4WrtWSnBTPBmx7pHPkdUasF4dO6O4gVi4%2BQ4qa56pr8pjNvHxSQAk6xcigRF8uy3DuodkkWQBjiv4m7vB44aX6KK20mE3%2FC5eHxypSoTn%2BnEE4x%2FoWiekJn4K7wFXFxCw7o2SojP8C6QhPSq7AaPbbiUK86W8EY3
gundam,eBay,marketplace,MG 1/100 Wing Gundam Proto Zero EW ver. Endless Waltz Model Kit Bandai Hobby,59.0,0.0,USD,New,https://www.ebay.com/itm/188075009221?_skw=gundam&hash=item2bca24e4c5:g:XD4AAeSwAdhqO~Ge
gundam,eBay,marketplace,MG 1/100 Dom (New Ver.) Mobile Suit Gundam Model Kit Bandai Hobby,44.99,0.0,USD,New,https://www.ebay.com/itm/287484536105?_skw=gundam&hash=item42ef69e529:g:KJEAAeSwxMpqZYx~
gundam,eBay,marketplace,Bandai #28 Tallgeese RG 1/144 Model Kit - US Fast Ship,39.95,0.0,USD,New,https://www.ebay.com/itm/175653540965?_skw=gundam&hash=item28e5c45465:g:r3IAAOSwI-JkE3La
gundam,eBay,marketplace,Bandai Hobby Gundam MS-06F Zaku II RG 1/144 Model Kit USA Seller,38.02,0.0,USD,New,https://www.ebay.com/itm/137576181708?_skw=gundam&hash=item20082defcc:g:KZEAAeSwIf9qh4QM
gundam,eBay,marketplace,HG 1/144 Red Comet Zaku Gundam Model Kit Assembly Action Figure Collectible Toy,13.99,0.0,USD,New,https://www.ebay.com/itm/366434240113?_skw=gundam&hash=item55512ec671:g:VmoAAeSwkuZqFQ1u
gundam,eBay,marketplace,BAN2535355 Bandai SD-EX Standard Hello Kitty & RX-78-2 Gundam 'Gundam',25.2,,USD,New,https://www.ebay.com/itm/198514999088?_skw=gundam&hash=item2e386a7f30:g:tfUAAeSwzDRqaOmK
gundam,eBay,marketplace,Built & Painted HG 1/144 Alyzeus & Messer Type-M01 Gundam Hathaway Pro-Painted,400.0,0.0,USD,Used,https://www.ebay.com/itm/800256232038?_skw=gundam&hash=itemba52fd0a66:g:BkEAAeSwSHJqQQqT&amdata=enc%3AAQALAAAA4ACCtXRWQnOEpyOqnQQ8KGbszZajqL8JDslZZ9fbPhZnVpxJpkj0e2P7jZIL1i9q7zIK221B%2BDoUjudmHWfieyQ0OlsUIxt5huGJnk2TtyL2jCcIjI7biHMhKjDUcTY07rtfdvrDz%2BuVMcF%2FBVXAFKOhVDFVO3TlBtYjvOxV0%2BHOJOVdRByWTo8tFImQd2clZTu67d4zbwHOtW%2FzhGNl34VpiPHUyzDSEF4ZIFY3ves1DXCzX6lqMPifwtCxUiMcgjSFx0Z1Og7ppRHUpcOP31aWfv2o%2BX0b%2BhM75yPhpmcD
gundam,eBay,marketplace,Mobile Suit Ensemble 10 Bandai Gundam Capsule Assembly Model Kits Collectible,15.99,10.99,USD,New,https://www.ebay.com/itm/398296407607?_skw=gundam&hash=item5cbc50de37:g:H3MAAeSw1yVqgpRV&amdata=enc%3AAQALAAAA4ACCtXRWQnOEpyOqnQQ8KGZyeaNT119qFfQ4k41katOSxiwWxfVUQtnPKBjrDrGIH7O8apvTdA61qN5YCVqJqZEv0XW4JM5nFnZbuPr%2FXslinDGv9NStr26e8DTkiC%2BEKXzrLUYQSrQbgfnH%2BUUxBsWCM3jHTOu8dIKUjIwT6gFx1gjxW3T9HPhkvjzYVOHAJeKDXLYpF3Nc%2BAWlR%2FtmHatjc%2FSwYMQNkGyi5ihEKCijmO5oz0uaCTTuTYi5LWZ7CWvGikxO4DSGnlKNgZ7IajRM3n%2BO9Ho%2B%2BYEqieN2KFDF
gundam,eBay,marketplace,Bandai Hobby Build Fighters #03 HGBF Gundam X Maoh HG 1/144 Model Kit,33.95,0.0,USD,New,https://www.ebay.com/itm/147452014553?_skw=gundam&hash=item2254d32fd9:g:uSYAAeSw7BNqhcnG
gundam,eBay,marketplace,Bandai Hobby Gundam Geara Doga MG 1/100 Model Kit USA Seller,64.95,0.0,USD,New,https://www.ebay.com/itm/147478287931?_skw=gundam&hash=item225664163b:g:WbsAAeSw3T9qgFcj
gundam,eBay,marketplace,BAN2156349 Bandai MG Gundam AGE-2 Normal 'Gundam AGE',35.99,0.0,USD,New,https://www.ebay.com/itm/117307586146?_skw=gundam&hash=item1b5013b662:g:M0MAAeSw-1dqWmU0
gundam,eBay,marketplace,Bandai Hobby SEED Aile Strike Gundam Ver. RM  MG 1/100 Model Kit USA Seller,55.95,0.0,USD,New,https://www.ebay.com/itm/137453155071?_skw=gundam&hash=item2000d8b2ff:g:3CcAAeSw5B5qg-t9
gundam,eBay,marketplace,Bandai Hobby Gundam 00 Gundam Exia Repair II HG 1/144 Model Kit USA Seller,22.89,0.0,USD,New,https://www.ebay.com/itm/147474099562?_skw=gundam&hash=item2256242d6a:g:xdcAAeSwkNxqdojS
gundam,eBay,marketplace,"#70 MS-14S Char's Gelgoog Mobile Suit Gundam, Bandai Hobby HGUC",20.0,0.0,USD,New,https://www.ebay.com/itm/188555189100?_skw=gundam&hash=item2be6c3db6c:g:FTQAAeSwKXpqO~GC
gundam,eBay,marketplace,Bandai Hobby HGFC #128 Master Gundam and Fuunsaiki HG 1/144 Model Kit USA Seller,47.95,0.0,USD,New,https://www.ebay.com/itm/147517830333?_skw=gundam&hash=item2258bf74bd:i:147517830333
gundam,eBay,marketplace,Bandai HG 1/144 Gundam Gusion,16.99,5.99,USD,New,https://www.ebay.com/itm/198579026316?_skw=gundam&hash=item2e3c3b798c:g:h3EAAeSwRUZqh2~S
gundam,eBay,marketplace,HG 1/144 RX-178 MK-II Real Color Model Kit Action Figure Toy ,21.99,0.0,USD,New,https://www.ebay.com/itm/358676410340?_skw=gundam&hash=item5382c7afe4:g:1AEAAeSwQhRqLeMc&amdata=enc%3AAQALAAAA4ACCtXRWQnOEpyOqnQQ8KGZLhIEMUbaeYpT0NkL6FE98Ay8isbkcvSJP3fOXNQO8Vo4%2BVHzWfnKNfnGrfpfot2qYB2YeeCher%2FNq0QdfToufiWnmgwcbCaVsNYWMc2dJG9qij7Gf5Jf4IeKvunazltSYbuydztCDa3qzBbHL8awYq%2BhKbYbWuZbsgNjMXnKm27RriUndK7f7RQndvPk3ukbQ7ccFONdPTCihVxpceCsr6PQrUXbRSGdKHR9r6LQ3cctDy1EiA9HewMXre3M7SYLPFb9lWdPqiRN5juT0IDXa
gundam,eBay,marketplace,Bandai Hobby Gundam U.C. Hard Graph EFSF FF-X7 Core Fighter 1/35 Model Kit,69.95,0.0,USD,New,https://www.ebay.com/itm/137546188414?_skw=gundam&hash=item200664467e:i:137546188414&amdata=enc%3AAQALAAAA4ACCtXRWQnOEpyOqnQQ8KGYBCXhzrMK%2Fk8YFzre1B%2BbeElF6WA6qPESv3DPTbrlrOVwFze8yyNZIpASN8MTrPN0%2B78I3u%2FlImYLIt02%2FIuet7x%2Fkg7YjfxgYiF2KTvqYQDB3bo3UwuAAg46d6e%2FaqoSQNxF7FxnQ9lHGfcTiXhceHQNLGG6BeMpYTeV7lWUXxY%2Ft%2F2uyKvDcYGPr2%2FalMctvmMiKwyxH2aTgFS0mTpJ1PiWzIboSGA1%2FFsIjC0S7cDg6go9OlQPensVceSo8k4sIJU3FHVnu0yj4eHOaoAVH
gundam,eBay,marketplace,Mobile Suit Ensemble 10 Bandai Gundam Capsule Assembly Model Kits Collectible,15.99,10.99,USD,New,https://www.ebay.com/itm/398296407607?_skw=gundam&hash=item5cbc50de37:g:H3MAAeSw1yVqgpRV&amdata=enc%3AAQALAAAA4ACCtXRWQnOEpyOqnQQ8KGZyeaNT119qFfQ4k41katOSxiwWxfVUQtnPKBjrDrGIH7O8apvTdA61qN5YCVqJqZEv0XW4JM5nFnZbuPr%2FXslinDGv9NStr26e8DTkiC%2BEKXzrLUYQSrQbgfnH%2BUUxBsVRjch3nFTd%2FbaezmyFZA20tZwyK6xdW%2B%2Bh82DGnxv795zXIP7p%2BhH%2FJOhX%2FmKHoGoHQuBBSmS5F5w1cqUvYp1hefMqYHXiE%2FTthHv8DTNOe4SOOoHM5QAXXgn7mB0bRBfLfzn0TLyfbkoVWIy%2B83tb
gundam,eBay,marketplace,HG 1/144 RX-178 MK-II Real Color Model Kit Action Figure Toy ,21.99,0.0,USD,New,https://www.ebay.com/itm/358676410340?_skw=gundam&hash=item5382c7afe4:g:1AEAAeSwQhRqLeMc&amdata=enc%3AAQALAAAA4ACCtXRWQnOEpyOqnQQ8KGZLhIEMUbaeYpT0NkL6FE98Ay8isbkcvSJP3fOXNQO8Vo4%2BVHzWfnKNfnGrfpfot2qYB2YeeCher%2FNq0QdfToufiWnmgwcbCaVsNYWMc2dJG9qij7Gf5Jf4IeKvunazltRrD%2F1CL8xD7gTiauKx5Yrv2e9YVbMRiUspIYJ2FNMMhmkV1dpPY5p5LDOj%2Fh4Rl3Tbu2EgP1PGA%2Bd8m%2BcuHMJicyyet4atXHMf2w9RM%2BOa9kw95dpZJJG2l4zWSBgbg1w3KuE74I7CJ3y%2BV5Dslg1I
gundam,eBay,marketplace,Bandai Hobby Gundam U.C. Hard Graph EFSF FF-X7 Core Fighter 1/35 Model Kit,69.95,0.0,USD,New,https://www.ebay.com/itm/137546188414?_skw=gundam&hash=item200664467e:i:137546188414&amdata=enc%3AAQALAAAA4ACCtXRWQnOEpyOqnQQ8KGYBCXhzrMK%2Fk8YFzre1B%2BbeElF6WA6qPESv3DPTbrlrOVwFze8yyNZIpASN8MTrPN0%2B78I3u%2FlImYLIt02%2FIuet7x%2Fkg7YjfxgYiF2KTvqYQDB3bo3UwuAAg46d6e%2FaqoSh0QwTcuB%2Fcw31vzoBk1csLewvf3n%2BMcmVeCD1rNpO00hiWgaN2dWPOZCe5QMTEqpS3tIakCFFBkp2frIJ82iWptmTb%2Fa5LDZYGnjJB%2FLalYSgDEgYrLX6D1SrubtLsZ2LXy8K73Mec5IzYOxJXNwv
gundam,eBay,marketplace,Mobile Suit Gundam: The Origin HG 1/144 MS-06C-6/R6 Zaku II Type C-6/R6 Assembly,17.89,2.0,USD,New,https://www.ebay.com/itm/358580576658?_skw=gundam&hash=item537d116192:g:ujoAAeSwzRxqDsK2&amdata=enc%3AAQALAAAA4ACCtXRWQnOEpyOqnQQ8KGbkt4RgIWYSFeanw5pLTIbZur66cJLJ%2F4QjtI9x0RvelL8rkYr0XNKafBX4nfsU40vNqJodjb4EEW6kfZ4I195MMsXe6VktpdbvloSmpuyolRw1wM6eiY6dDfIncvC5h78OQecYq9rnGOB5y75tIES%2BbYIheK6X%2FedyQX5mUgDYuIqnVNo65TBjySa5VmLCcga%2FCXtLoG1oLayVNccBHxrpMeJ%2Bqg7TMukcDbvgKBVQwHYd1%2F2XZrQ%2BcZNboTUMv%2BmdR8%2BhDlxAa9RnFPoFR9%2Ba
gundam,eBay,marketplace,Bandai Spirits RX-78-2 Gundam 1/144 Scale Entry Grade Figure Model Kit USA,14.49,0.0,USD,New,https://www.ebay.com/itm/147337299266?_skw=gundam&hash=item224dfcc542:g:l6sAAeSwEQFqhuOP
gundam,eBay,marketplace,Bandai Hobby Gundam Haropla Haro Pla 02 Haro Basic Green New Ver. Model Kit USA,18.0,0.0,USD,New,https://www.ebay.com/itm/376588636242?_skw=gundam&hash=item57ae6e9052:g:WdYAAeSwt~Bo3Mla
gundam,eBay,marketplace,"#89 MS-18E Kampfer Gundam 0080, Bandai Hobby HGUC",26.0,0.0,USD,New,https://www.ebay.com/itm/177706640897?_skw=gundam&hash=item2960242601:g:UxgAAeSwQERqO~Is
gundam,eBay,marketplace,Bandai Hobby HGAC XXXG-01D2 Gundam Deathscythe Hell HG 1/144 Scale Model Kit,25.95,0.0,USD,New,https://www.ebay.com/itm/137549270934?_skw=gundam&hash=item2006934f96:g:uicAAeSwF5Bqh0kQ
gundam,eBay,marketplace,Bandai Hobby Gundam SEED #58 Astray Red Frame Flight Unit HG 1/144 Model Kit USA,28.51,0.0,USD,New,https://www.ebay.com/itm/147473998686?_skw=gundam&hash=item225622a35e:g:xeQAAeSw7SlqhzH7
gundam,eBay,marketplace,Bandai HG 1/144 Ξ XI Gundam (The Sorcery Of Nymph Circe),84.99,5.99,USD,New,https://www.ebay.com/itm/198454183668?_skw=gundam&hash=item2e34ca86f4:g:068AAeSwnCNqOjin
gundam,eBay,marketplace,PREMIUM BANDAI HGUC 1/144 ZAKU DESERT TYPE PINK PANTHER FORCES US Seller New,45.0,,USD,New,https://www.ebay.com/itm/278091260652?_skw=gundam&hash=item40bf87e2ec:g:E0kAAeSw0DRqL~0f
gundam,eBay,marketplace,"#26 Gundam Calibarn The Witch from Mercury, Bandai Hobby HG 1/144",24.0,0.0,USD,New,https://www.ebay.com/itm/188555189079?_skw=gundam&hash=item2be6c3db57:g:ag4AAeSwtcVqO~G8
gundam,eBay,marketplace,"#03 Gundam Aerial ""The Witch from Mercury"", Bandai Hobby HG 1/144",19.0,0.0,USD,New,https://www.ebay.com/itm/186660082572?_skw=gundam&hash=item2b75ced38c:g:Zx0AAeSwt5BqO~Fl
gundam,eBay,marketplace,Bandai Hobby GMS-Ω Gundam GQuuuuuuX HG 1/144 Scale Model Kit USA Seller,21.95,0.0,USD,New,https://www.ebay.com/itm/137569614795?_skw=gundam&hash=item2007c9bbcb:g:rVQAAeSwCqtqhej~&amdata=enc%3AAQALAAAA4ACCtXRWQnOEpyOqnQQ8KGZUpXg4pwzfZVJak1FIpyV4%2FGcW0nxxmSn4UrSRjb40RDrO%2BczuTBivHgGSoqYRTIH3BMJwMgZDX%2BfSAwA8DVZacSe%2BJ2gSR%2B86Kf17waxPt8rCBxXo92DRi7tW%2BJfHNnUqo%2FwONA%2Fc7sNortL6lhx47x2kG5UHwYKnfkmfqbfWHKYgvWS%2B%2B7TZK7CPXpPvLV2tCI34GweZ%2FhJ83ayxsSDJNzhteGh8A2xrmkwtKDlna4hLfsF2LYUD6YpQuETwJPbH6Srj8de6yiiiO2oMj4Bk
gundam,eBay,marketplace,HGUC 1/144 RX-80PR Pale Rider Land-Combat Type Mecha Model Kit - Heavy-Equipment,22.65,0.0,USD,New,https://www.ebay.com/itm/358335517695?_skw=gundam&hash=item536e7613ff:g:gYQAAeSwdRtpt1bc&amdata=enc%3AAQALAAAA4ACCtXRWQnOEpyOqnQQ8KGaOLvDDEzQs3%2FPd7kD3g0m6Eg6yHuSh3gyWivm7lv1Z6HKthh1eXJjKHVABW2jUVQ0jA0mmo46BnwtCwYreaw3j8%2FekA5ITK1TcKkrnYQLs3IbGUTbNbEQLtUQ%2F2irQFcNZn%2BWwlE0%2BJebTLcupiw5c23dTrq%2BHdLQdTdi%2BPc6zTZ5qH6p1UYLwzlzqAlwCs0XJZm1Aj%2F6nwb2OzK0vyj6NDe77RWQ89I1nO79sc3cA52yXeb9vAY%2FmmLkOnkAKFQUJziuZb5cJbeUg%2BD8bbsUB
gundam,eBay,marketplace,Bandai Namco Mobile Suit Wing Gundam Zero EW XXXG-00W0 Ver. KA MG Model Kit,74.99,0.0,USD,New,https://www.ebay.com/itm/327102946060?_skw=gundam&hash=item4c28dadb0c:g:VAYAAeSwCy1p3oDu&amdata=enc%3AAQALAAAA4ACCtXRWQnOEpyOqnQQ8KGaS2kKobObW7ZTvWCHwx8GYT5OziNV2X9Ul3OE5bqofCJP5pXfeUexCednBn%2Bn2RHC2JuhERa4jSeZx0NLzRUVCbLU2W49PfL91b0TTit1VDSQxWm3dGJk7d48kO7XZa%2Fn0alas4Usd%2FlWF%2Bf2A%2FXfGMOt3Y2lCgkO9TTW8VZe8myRW9opPTIjCKDe117kdFWvHuAEA3jpes%2F4KQNAaN8mofsH38gzoTcQ%2BiGvX5WWnloDyLXTG5%2FOiyk%2BigLXBSdwxZH4ZV5S%2B4vgoqQrAO%2Bou
gundam,eBay,marketplace,"RX-78-2 Gundam Ver. 2.0 ""Mobile Suit Gundam"", Bandai Hobby RG 1/144 Model Kit",41.0,0.0,USD,New,https://www.ebay.com/itm/127876713191?_skw=gundam&hash=item1dc60bcae7:g:4~4AAeSwBP5p0D~u
gundam,eBay,marketplace,#36 Hi-Nu Gundam Char's Counterattack Beltorchika Children Bandai Hobby RG 1/14,61.0,0.0,USD,New,https://www.ebay.com/itm/178251688976?_skw=gundam&hash=item2980a0ec10:g:c9QAAeSwzm9qO~Fm
gundam,eBay,marketplace,"#03 Schwalbe Graze McGillis Custom Gundam IBO, Bandai Hobby HG IBO 1/144",15.0,0.0,USD,New,https://www.ebay.com/itm/187876405705?_skw=gundam&hash=item2bbe4e71c9:g:C60AAeSwWW5qO~IZ
gundam,eBay,marketplace,GTO HG 1/144 RX-78-2 Yuan Zu Mecha Assembly Model Kit Collectible,21.65,0.0,USD,New,https://www.ebay.com/itm/128027003481?_skw=gundam&hash=item1dcf010a59:g:8EEAAeSwEx9qf4mu
gundam,eBay,marketplace,Mobile Suit Gundam G-Frame FA The 08th MS Team (Individual Selection),36.0,,USD,New,https://www.ebay.com/itm/307128733934?_skw=gundam&hash=item47824c90ee:g:4LQAAeSwCQJqgQS4
gundam,eBay,marketplace,"#193 Gundam Mk-II (AEUG) Z Gundam, Bandai Hobby HGUC",21.0,0.0,USD,New,https://www.ebay.com/itm/177706640892?_skw=gundam&hash=item29602425fc:g:GLEAAeSwg5NqO~Fg
gundam,eBay,marketplace,Gunpla Bundle,32.5,,USD,Used,https://www.ebay.com/itm/237019571897?_skw=gundam&hash=item372f77a6b9:g:rYsAAeSwTtFqh0ak
gundam,eBay,marketplace,HG 1/144 Mighty Strike Freedom Gundam Assembly Model Kit Action Figure Toy Gift,13.99,0.0,USD,New,https://www.ebay.com/itm/206177136369?_skw=gundam&hash=item30011d6ef1:g:v~UAAeSwcVRpyil4
gundam,eBay,marketplace,Bandai MG Expansion Parts Set for Gundam Barbatos (Clear Color) 1/100 US Seller,47.98,15.0,USD,New,https://www.ebay.com/itm/278298602986?_skw=gundam&hash=item40cbe3adea:g:hNgAAeSw0DZqht5Y
gundam,eBay,marketplace,"#118 Gundam X Divider Gundam X, Bandai Hobby HGAW",25.0,0.0,USD,New,https://www.ebay.com/itm/188555189112?_skw=gundam&hash=item2be6c3db78:g:lu0AAeSwpfdqO~IE
gundam,eBay,marketplace,"#66 HG 00 QAN[T] ""Gundam 00"" 1/144 Model Kit Bandai Hobby",21.0,0.0,USD,New,https://www.ebay.com/itm/187671290974?_skw=gundam&hash=item2bb214a45e:g:gp4AAeSwEiJqO~Fp
gundam,eBay,marketplace,Bandai Gundam XXXG-01S Shenlong Gundam EW Ver. MG 1/100 Scale Kit USA Seller,46.95,0.0,USD,New,https://www.ebay.com/itm/137356748425?_skw=gundam&hash=item1ffb19a689:g:x1UAAeSwM6BqhL9G
gundam,eBay,marketplace,Bandai Gundam XXXG-01W Wing Gundam EW Ver. MG 1/100 Scale Model Kit USA Seller,40.99,0.0,USD,New,https://www.ebay.com/itm/147417176037?_skw=gundam&hash=item2252bf97e5:g:MVcAAeSw7RNqhnnQ&amdata=enc%3AAQALAAAA4ACCtXRWQnOEpyOqnQQ8KGbFoIXFcBF%2BlBaCmFutfun9ZIMxUs7U4RH5OyCNSzD3Ms2KQ1HcsBfKQuJIwbweV5rIbrI5lWZ%2FGoR16VhQXOHTyNW61laRtCnc7Xq%2Bv6JIenblmSB%2FmF7TLvBnfQfE0HlM7twlDPHV1vgCaoA5PRj4Dl8JJsEXZAUaxNe5m%2FpjFVtmwbwI1aPJrF4R7F9rY7crLlEtXon1uK5kII1VlrO9OdnDcYKTCUz5bzHRRWlgrgPMZaNmVGO0%2FyKJm1n5nOV07ShiG3xzJf9adEPLUJDf
gundam,eBay,marketplace,Bandai Gundam Char's Counterattack RGM-89 Jegan MG 1/100 Model Kit USA Seller,67.95,0.0,USD,New,https://www.ebay.com/itm/137564608237?_skw=gundam&hash=item20077d56ed:g:WzgAAeSw~7pqhk43&amdata=enc%3AAQALAAAA4ACCtXRWQnOEpyOqnQQ8KGZtvC0TgDAGPOizrtueDS1X4jymwYoymDEbfRRUrJYzeL3jXoZlirEBrzCpTKcL5BwX8jjBAFiClR4sek3CsTZZ1%2FjS%2Fa%2BNyjBLitm%2BVAh3ZJCckycuqONXqxELp2qSb4QNehIK84zoX81vgKJgMBhaAaKI55yslH%2BAdv%2FWQLmzZp0CqA7%2BfsVcjiCvlvCJ0a66cXpQJwZJE7IL%2FgSq12vxvde%2BZcRcEkyHoXcVFQI%2Bd6ILvb86xvAGKeLUIEFA8b%2B7Gqd7l9d9wCIfevN0GUbW
gundam,eBay,marketplace,RG 1/144 Gundam Astray Gold Frame Amatsu Mina Special Coating Model Kit SEED,114.72,17.39,USD,Used,https://www.ebay.com/itm/287518933020?_skw=gundam&hash=item42f176c01c:g:xP4AAeSwS9dqhyDl&amdata=enc%3AAQALAAAA4ACCtXRWQnOEpyOqnQQ8KGYmSl%2BFPD70x8snwNI2780Gr1fW3dkLM52vINwJwI3OepZtPzRBehdsxuR9bK0C%2BPHadSNI9DoO%2BDJs%2FJaP7viOupPLs6ldOb4K8LD31XJh7A36JL7l%2Fa%2FwnPdF9IQEA%2Fws0ukRKlapzj2wNFbQStBzsRktX35Gu17ka3I1BYBRc%2BbUcI8iLCSEEOow7ACINza1%2F1S4QygJOSwCASwOJ8rlDSvjt7WKd%2F08j%2B4mI9SpE8WRGeuvZPqe%2FuhGoU3OA9KtMHR%2B3%2BCifAswcUd%2Buf7j
gundam,eBay,marketplace,BANDAI Hobby SD BB #373 Legend Musha Gundam Model Kit 176488 US Seller USA,19.95,0.0,USD,New,https://www.ebay.com/itm/147489377871?_skw=gundam&hash=item22570d4e4f:g:XC8AAeSwZPBqhfxm&amdata=enc%3AAQALAAAA4ACCtXRWQnOEpyOqnQQ8KGbtSwoJA%2Bh%2FtZQVpuz3TcsKosRDMoZvB2pTrA9e2xONMPEdVrLJaIHysXviECSyGnR97%2BFFs5hEAwhgRrUvhyZf1ZxKMMRBpT%2BruR2CL%2BTvxYtubad8o5K8Y3o4DPKxgsxYCORKF%2F3glBXkxrqKxlAyaJfcRko0beNLKN9LZn911hjPkcpyFyDuFu93dEI69RPxomWaylF37HnkPPzDOvMRciysRAG8vc6%2FqWq4KqibF02v244c9agOC5wdcXtShMkFD39gVNJY5ElEycBbgYUT
gundam,eBay,marketplace,#19 Gundam Astaroth,15.0,0.0,USD,New,https://www.ebay.com/itm/177706640936?_skw=gundam&hash=item2960242628:g:CdsAAeSw4PlqO~FI
gundam,eBay,marketplace,"RX-78-2 GUNDAM Ver.KA, Bandai Hobby MG",37.0,0.0,USD,New,https://www.ebay.com/itm/188555189219?_skw=gundam&hash=item2be6c3dbe3:g:DBcAAeSwOUVqO~IA
gundam,eBay,marketplace,RX-78F00/E Gundam Gundam: Next Universal Centrury Bandai Hobby Entry Grade 1/144,16.0,0.0,USD,New,https://www.ebay.com/itm/188216118823?_skw=gundam&hash=item2bd28e0e27:g:TKsAAeSwb5ZqO~Ha
gundam,eBay,marketplace,RG 1/144 RX-78-2 Gundam Ver.2.0 [Hatsune Miku Ver.] Model Kit Premium Bandai,89.5,0.0,USD,New,https://www.ebay.com/itm/227364922128?_skw=gundam&hash=item34f0016310:g:khAAAeSw8xJqGwpW
gundam,eBay,marketplace,MG (1/100) Mobile Suit Gundam - FA-78-1 Full Armor Gundam,67.0,0.0,USD,New,https://www.ebay.com/itm/327304304840?_skw=gundam&hash=item4c34db58c8:g:SCoAAeSwGDJqhmLH
gundam,eBay,marketplace,Bandai HGUC Gundam Rozen Zulu Ep. 7 Ver. HG 1/144 Scale Model Kit,37.95,0.0,USD,New,https://www.ebay.com/itm/147350674966?_skw=gundam&hash=item224ec8de16:g:SaIAAeSwj8NqhdQC
gundam,eBay,marketplace,Bandai Hobby Aile Strike Gundam Real Grade RG 1/144 Scale Model Kit USA Seller,35.95,0.0,USD,New,https://www.ebay.com/itm/137568080784?_skw=gundam&hash=item2007b25390:g:QV0AAeSweY5qh4Qi&amdata=enc%3AAQALAAAA4ACCtXRWQnOEpyOqnQQ8KGYKNZvLy4CwLfHlxEk3l2w0RWB5bFTptHDTP7quwbp%2BZVZXNvIoVaq8owES2OwWJsH0l97LR%2B2bSxBnOOQTEQYJYB0PXTSHfvKnPFqI7QS%2FcSp6cjLJcwpuNEUg7jBuaEMaOelsuqwH%2B8vigj7ttqJeY4geuBGiMIm%2FG3PBfIVCyU6VY0lJjtNtLf0f0aRm4ROdW6VPyFbGTLn5EliUsmnxkii0JonpaGf6Nkgi7nKrFffcxYjIgxhwCzxkmL0OKFDe6q%2BandtrU4H2TVhPA5AF
gundam,eBay,marketplace,HG 1/144 SEED Freedom Black Knight Squad Model Kit w/ Light Wings Action Figure,37.39,0.0,USD,New,https://www.ebay.com/itm/318549684825?_skw=gundam&hash=item4a2b0a7259:g:TioAAeSwUD9qS6iP&amdata=enc%3AAQALAAAA4ACCtXRWQnOEpyOqnQQ8KGYja7Dryn%2FKY8zx2P33PoQtgtyR80hiiZn%2F66n9DPMHOjgZFxwkBWLqA53YTm97qUN65zcp1czMdFFYQ4aQ27KTYPVfzyTBWrJC9qvI7F1tzijeuCcwZ7ddyqb9Lx3IWWhkaU40GSdaTXVrxkItBrkgBNUtn%2FfMQ6buLHJucWRmxVSk30I1--dqcFQpvH3dpxHccfVkbOdmyykzyaYTa2NCJXBxDj3mgYwhZFscAjYoH3zuGUZNlzRXaGF%2F00Qx36ocNl1SDY9Prb3IoZZUeL4D
gundam,eBay,marketplace,Bandai Hobby The Witch From Mercury Gundam LFRITH HG 1/144 Scale Kit USA Seller,25.95,0.0,USD,New,https://www.ebay.com/itm/147483509236?_skw=gundam&hash=item2256b3c1f4:g:idIAAeSwbr9qh4Qc
gundam,eBay,marketplace,Bandai Hobby Gundam HGUC Guncannon Revive HG 1/144 Model Kit USA Seller,28.95,0.0,USD,New,https://www.ebay.com/itm/147347269352?_skw=gundam&hash=item224e94e6e8:g:~pUAAeSw5B5qhqmx
gundam,eBay,marketplace,"#24 Julieta's Mobile Reginlaze Gundam IBO, Bandai Hobby HG 1/144",18.0,0.0,USD,New,https://www.ebay.com/itm/177224938910?_skw=gundam&hash=item29436df59e:g:XBYAAeSwPQNqO~Ez
gundam,eBay,marketplace,"#2 Police Zaku Mobile Suit Gundam GQuuuuuuX, Bandai Hobby HG 1/144",24.0,0.0,USD,New,https://www.ebay.com/itm/187367687919?_skw=gundam&hash=item2b9ffc06ef:g:xdMAAeSwwsJqO~Hs
gundam,eBay,marketplace,"Bandai 1/100 MG GX-9900 Gundam X ""After War Gundam X"" Plastic Model Kit",50.0,0.0,USD,New,https://www.ebay.com/itm/327249858972?_skw=gundam&hash=item4c319c919c:g:QCsAAeSw4kdqS-Nk
gundam,eBay,marketplace,Bandai HG Strike Noir Gundam,19.99,5.99,USD,New,https://www.ebay.com/itm/198512677862?_skw=gundam&hash=item2e384713e6:g:vOAAAeSwAzZqW~Cz
gundam,eBay,marketplace,"#33 Gundam Barbatos Lupus Rex Gundam IBO, Bandai Hobby HG IBO 1/144",20.0,0.0,USD,New,https://www.ebay.com/itm/177706640889?_skw=gundam&hash=item29602425f9:g:P3MAAeSwSX9qO~Fu
gundam,eBay,marketplace,Bandai Hobby XXXG-01W Wing Gundam Ver. Ka MG 1/100 Model Kit USA Seller,42.95,0.0,USD,New,https://www.ebay.com/itm/147496684516?_skw=gundam&hash=item22577ccbe4:g:~PgAAeSwbS9qhuMl
gundam,eBay,marketplace,Bandai Mobile Suit Ensemble 23 Gundam Capsule Toy Assembly Model Kits Gift HOT,14.99,6.99,USD,New,https://www.ebay.com/itm/407129681839?_skw=gundam&hash=item5ecad1efaf:g:7jAAAeSwXRhqdzgC&amdata=enc%3AAQALAAAA4ACCtXRWQnOEpyOqnQQ8KGbFDBEf1WYbdaON2PawBpzuAtO7lpHOSeQ6HX5x%2BlcFMnfpCY%2F4jTgTSFETe1s3ymIhaxo9QJd%2BkCMkSjkIOGd3lW3DtnNyCoCwxQIXC1iWk4EFm3AOJEBhAW97pDQt6WByzjauGGTYZKGYrqaYhiymDx1AwLma1%2Bz7Cv77DmlDPMS2HGWcPdPqNeQP3aJu0KqqQILxWdk1XCAEfTILDtC7syUnGl8kK6BgrLfBulyPjDZhUf1rT7QiWIl2Dnlc3LK7PLi1xG7%2B9eQVJX7tVt7F
gundam,eBay,marketplace,HG 1/144 Electroplated Unicorn Destroy Mode Phoenix Model Kit Action Figure Toy,55.99,0.0,USD,New,https://www.ebay.com/itm/178028718314?_skw=gundam&hash=item297356a8ea:g:5hQAAeSwjYFp1EZ~&amdata=enc%3AAQALAAAA4ACCtXRWQnOEpyOqnQQ8KGY3TC8g1mYx9Ij0nefG2AuGvfly1ZeBbkYQywpr2g8IxtdC8iP%2BbgAHp60KHExHgg3kut19GAFcpIL7pHFrrm9Bcuw6cCHZSZh07LT%2FiJIqwunTKCWANz6YOPIxo%2BABpAGG%2FUCy63nY2WPRYtjf4ZUT7o87%2BuvVep9Gy9ox6qQcJi8tP00ialxcppRFyfiMu9aYrX8OE8Q5rzoT9il07N0W4ktHW%2F2NGcGRjhPVotxVNYUqI0dqP8OOgrdqfWpwn2TeiKsIndEdxYoXKtpz57z8
gundam,eBay,marketplace,HG 1 144 Gundam Witch from Mercury MS Expansion Parts Set 1 Body Not Included,63.7,0.0,USD,New,https://www.ebay.com/itm/358828260484?_skw=gundam&hash=item538bd4bc84:g:5pQAAeSw-9Fqh3qr&amdata=enc%3AAQALAAAA4ACCtXRWQnOEpyOqnQQ8KGZPAQa%2Fk%2B5PYXsA3ue1c4vlO9OKhvQ8jTWjNuq1%2Bydawz7k%2FoYTghRyGveo9UkKtWXCX3iaYndogkyL9G%2BRsGuDrJqRPa%2F7kmWzb5cTxDuqDs1NaE6zyIhfIUMjg8GN2giCknbD7PvSROVCRS1%2FIkr0VOFIiYixhu%2BW0%2F5%2BSCZujGCC5Xdhio5yYFzYizw47bF1Tllz35V7soIEjuytLkWKfb0QnFmvYwNgUt1KgYxQwa%2BgQAe8%2Bln0yoLl6KiulEn5PJzrxyB%2FAVGVT26KBhOU
gundam,eBay,marketplace,Bandai Mobile Suit Ensemble 23 Gundam Capsule Toy Assembly Model Kits Gift HOT,14.99,6.99,USD,New,https://www.ebay.com/itm/407129681839?_skw=gundam&hash=item5ecad1efaf:g:7jAAAeSwXRhqdzgC&amdata=enc%3AAQALAAAA4ACCtXRWQnOEpyOqnQQ8KGbFDBEf1WYbdaON2PawBpzuAtO7lpHOSeQ6HX5x%2BlcFMnfpCY%2F4jTgTSFETe1s3ymIhaxo9QJd%2BkCMkSjkIOGd3lW3DtnNyCoCwxQIXC1iWk4EFm3AOJEBhAW97pDQt6WC77R4q4Yp3kqRL3s5mFEZB%2F6hrpKtqgzlTc5x0O5pTp04OWTC%2FcLucbiZ0Gd7As6FU%2F2BrD6ZYmCLhXJLwxUo6qqeoESLS8L7SnvWXZEZ7dBwrlyEm9nTwNY71DDnEdb%2Fi66CAS2qtXyfn%2Buo2Tx0I
gundam,eBay,marketplace,HG 1/144 Electroplated Unicorn Destroy Mode Phoenix Model Kit Action Figure Toy,55.99,0.0,USD,New,https://www.ebay.com/itm/178028718314?_skw=gundam&hash=item297356a8ea:g:5hQAAeSwjYFp1EZ~&amdata=enc%3AAQALAAAA4ACCtXRWQnOEpyOqnQQ8KGY3TC8g1mYx9Ij0nefG2AuGvfly1ZeBbkYQywpr2g8IxtdC8iP%2BbgAHp60KHExHgg3kut19GAFcpIL7pHFrrm9Bcuw6cCHZSZh07LT%2FiJIqwunTKCWANz6YOPIxo%2BABpAH1%2BFmB0SOKJGHJtLcLmN9RGnukKfKQpRrTm3KGEFM4O0%2B2Jn4cU4r%2BKCR9vZscGFhI0T1hGRs2HvHwUHRFGAiKCLEbA0QAoqj%2BqQU7C5KVnWohfCXKQ%2FGr8EYXXobqQJjUYgUBbPMR1oWELm7IJ3k%2F
gundam,eBay,marketplace,MG GUNDAM RX-78-2 Ver. ONE YEAR WAR 0079 1/100 New from Japan,85.2,0.0,USD,New,https://www.ebay.com/itm/395880297112?_skw=gundam&hash=item5c2c4df298:g:jV0AAOSwoSBnLjvV&amdata=enc%3AAQALAAAA4ACCtXRWQnOEpyOqnQQ8KGZAD7EufglEipJY18xmLqMY9a129SLtv0kPRr4q7qhY0b%2FW2m2c6QfRBiak5PBZDew%2Bed5T0Q%2FSR5ck8dm4xAYxlEvMEvagRezDYypS%2F%2Brde%2FZKsuHfKpsorTqJBolRriehQaPnzE4HjrEhz2TloZcVQgBOgWuRSkD0jzTadUBjDvnPTADmy9BuFmWtbhYWT05asX35Kt%2BMW1mR1ycnAbQjhR5se22whHIkiC8hTH4%2FpPYbilbufJrwxD7FFfEwedP9szzg1WRSVnInMqPZOE3H
gundam,eBay,marketplace,Bandai Action Base #5 Clear (For 1/144 & 1/100 Gundam) Model Kit Bandai Hobby,9.0,0.0,USD,New,https://www.ebay.com/itm/185845582834?_skw=gundam&hash=item2b45428bf2:g:qnsAAeSw10tqO~Eq
gundam,eBay,marketplace,"#15 Gundam Exia ""Gundam 00"", Bandai  Hobby RG 1/144 Model Kit",31.0,0.0,USD,New,https://www.ebay.com/itm/127882168567?_skw=gundam&hash=item1dc65f08f7:g:w8QAAeSwwatqEqgn
gundam,eBay,marketplace,Bandai RG 1/144 MS-06S Zaku II Hatsune Miku Ver. Limited Gundam Model Kit NEW,89.99,0.0,USD,New,https://www.ebay.com/itm/206478840076?_skw=gundam&hash=item301319110c:g:XcYAAeSwfE5qcrLW
gundam,eBay,marketplace,Bandai Spirits HGUC #241 MS-06 Zaku II HG 1/144 Scale Model Kit USA Seller,28.95,0.0,USD,New,https://www.ebay.com/itm/137568212135?_skw=gundam&hash=item2007b454a7:g:Ck8AAeSwEjtqhc9n
gundam,eBay,marketplace,BANDAI SPIRITS HGUC Gundam V Operation Set 1/144 scale plastic model kit,84.07,13.86,USD,New,https://www.ebay.com/itm/377436872465?_skw=gundam&hash=item57e0fd9f11:g:YPwAAeSwWg9qh4lN
gundam,eBay,marketplace,Bandai RG 1/144 Gundam Epyon Gundam Wing Model Kit,58.99,0.0,USD,New,https://www.ebay.com/itm/227483232273?_skw=gundam&hash=item34f70ea811:g:HtoAAeSwA6tqeKl2
gundam,eBay,marketplace,Bandai HG Strike Noir Gundam,19.99,5.99,USD,New,https://www.ebay.com/itm/198512677862?_skw=gundam&hash=item2e384713e6:g:vOAAAeSwAzZqW~Cz
gundam,eBay,marketplace,"#59 Dom/Rick-Dom Mobile Suit Gundam, Bandai Hobby HGUC 1/144",24.0,0.0,USD,New,https://www.ebay.com/itm/187571438531?_skw=gundam&hash=item2bac2103c3:g:lIsAAeSwMPVqO~Gv
gundam,eBay,marketplace,"MSM-07 Z'Gok Mobile Suit Gundam, Bandai Hobby MG",45.0,0.0,USD,New,https://www.ebay.com/itm/178251688959?_skw=gundam&hash=item2980a0ebff:g:j0UAAeSw0-1qO~Fu
gundam,eBay,marketplace,HG 1/144 Gundam Lfrith Jiu XGF-01 The Witch From Mercury Model Kit Figure Toy,24.99,0.0,USD,New,https://www.ebay.com/itm/298469443094?_skw=gundam&hash=item457e2a4616:g:XnQAAeSwCOdqROJc&amdata=enc%3AAQALAAAA4ACCtXRWQnOEpyOqnQQ8KGb0YMMjq1rt0DoIUk3kV7kqEuBiiuOAfQ%2BGygpW8eVsglClVF341wo616YviRCJriMq3nOlGcwz2nGjSvH8f2iSFTGjDc1zo16TJ9Ccgu%2FWcbPzy6SSCvXLsuiAyOwF7tmyD6Fk5WuEeQqzMWY0mIUwuqtJ0jS%2BOXQT54HaNdF0ncibp1FuQeCC9DiCbYAUXUmyFi5j%2BESnxjxDxdBhL%2FDKK%2B49ZVqlpbxZHFDuRsn7jDgD6Etodjko%2BxaV%2FmZGlJ66Hf0qZyuuVw0CKHMJuEpS
gundam,eBay,marketplace,MG 1/100 WD-M01 Turn A Gundam Turn X Nano Skin Image Model kit Bandai Hobby,171.9,5.37,USD,Used,https://www.ebay.com/itm/287521530920?_skw=gundam&hash=item42f19e6428:g:zlIAAeSwu7Zqh2xI&amdata=enc%3AAQALAAAA4ACCtXRWQnOEpyOqnQQ8KGaMsEDXANM3uSNpfNY%2Bo9ODQILHFYHOgURrgedxFy3l0QtxJVzaYhAJS90RKcGfCEy7AoQopBmAK7zNLfjS0nFPrreySX16y8B8P7HWUIBVaoYCYETvQLjPIQqWz6zXZYpcIQkH4o83kADFwLAzhwRBT3lckJKvkXyTRLK3XLJDZclVJJjNThA%2BqkgZ13yBx99oB%2B62MXue0i0p7EAjYuVZ9bkDsfJpjt2SPL30WQvaCca%2F2qhdwuPy5Q2YQbGtW11Bh7gQzk2%2F1fT0boK5AzvC
gundam,eBay,marketplace,HG 1/144 RX-0 Unicorn Destruction Mode Model Kit,49.99,0.0,USD,New,https://www.ebay.com/itm/358243627055?_skw=gundam&hash=item5368fbf02f:g:SX4AAeSw5llpmf0n&amdata=enc%3AAQALAAAA4ACCtXRWQnOEpyOqnQQ8KGYL%2BzqeV1HpmdcCsw84cB8G49I52J%2BVsEqmSFwdQ3am5UnknwBXzPUxSAPrM%2FFBfu5feNApNSAAZatYVzPKLmlkS6uLlZsR32aDgWs14KyvOB%2FKheqt2s9d3h37dpSrbb90Z2u%2FFxsKRLLMP8scP0AgU6wUYe56QRbsp9UU2znp72%2FIx%2BcMGZrJHRLeRbsm4FF77EkoQDtmv%2FyVoMQpl2IDpKJiRpO%2Bo6goLNjnLXRuYhITVQTbENA1z0abm2dnq7B4CgExowm4a%2FQ0si01RUUu
gundam,eBay,marketplace,MG 1/100 God Gundam Model Kit Bandai Hobby,34.0,0.0,USD,New,https://www.ebay.com/itm/185845623959?_skw=gundam&hash=item2b45432c97:g:JooAAeSwQZpqO~GU
gundam,eBay,marketplace,Bandai Hobby Gundam AGE #35 AGE-1G AGE-1 Full Glansa HG 1/144 Model Kit USA,22.95,0.0,USD,New,https://www.ebay.com/itm/147229120369?_skw=gundam&hash=item22478a1771:g:yD0AAeSwxFVqhv-A
gundam,eBay,marketplace,Bandai 1/100 MG RX-78 GP02A Prototype Tactical Mobile Suit 5063536,44.99,,USD,New,https://www.ebay.com/itm/377434538588?_skw=gundam&hash=item57e0da025c:g:TKQAAeSwZsBqhqJR
gundam,eBay,marketplace,Gundam: Requiem for Vengeance Gundam EX High Grade 1:144 Scale Model Kit,33.99,5.0,USD,New,https://www.ebay.com/itm/226658223339?_skw=gundam&hash=item34c5e204eb:g:NV0AAOSwa09n3biD
gundam,eBay,marketplace,"#219 Dijeh Zeta Gundam, Bandai Hobby HGUC 1/144",27.0,0.0,USD,New,https://www.ebay.com/itm/177706640949?_skw=gundam&hash=item2960242635:g:T5cAAeSwuMZqO~Fp
gundam,eBay,marketplace,"#42 Shining Gundam ""G Gundam"", Bandai  Hobby RG 1/144 Model Kit",43.0,0.0,USD,New,https://www.ebay.com/itm/127883993852?_skw=gundam&hash=item1dc67ae2fc:g:a-MAAeSwh5VqEqoY
gundam,eBay,marketplace,Premium BANDAI MG 1/100 RGZ-91 Re-GZ (UNICORN Ver.) MODEL KIT USA SELLER,116.15,0.0,USD,New,https://www.ebay.com/itm/287537111763?_skw=gundam&hash=item42f28c22d3:g:VQkAAeSwRUZqh4gF
gundam,eBay,marketplace,Bandai Hobby The Witch From Mercury Gundam Aerial HG 1/144 Scale Model Kit,19.95,0.0,USD,New,https://www.ebay.com/itm/147106937892?_skw=gundam&hash=item224041bc24:g:VkwAAeSw61Rqh2uM
gundam,eBay,marketplace,HG 1/144 Gundam Deathscythe Hell Assembly Model Kit Action Figure Toy Gift,13.38,0.0,USD,New,https://www.ebay.com/itm/206184457254?_skw=gundam&hash=item30018d2426:g:blUAAeSw~Rlpzjuv
gundam,eBay,marketplace,"#29 Sazabi Char's Counterattack, Bandai Hobby RG 1/144",61.0,0.0,USD,New,https://www.ebay.com/itm/178251688971?_skw=gundam&hash=item2980a0ec0b:g:DEkAAeSwnn9qO~HZ
gundam,eBay,marketplace,Bandai HG RX-78-2 Gundam (Beyond Global) Action Figure Model Kit,29.0,0.0,USD,New,https://www.ebay.com/itm/377362395800?_skw=gundam&hash=item57dc8d3298:g:eZYAAeSwIoZqYPPV
gundam,eBay,marketplace,"#78 MSN-04 Acguy Mobile Suit Gundam, Bandai Hobby HGUC",20.0,0.0,USD,New,https://www.ebay.com/itm/187571438544?_skw=gundam&hash=item2bac2103d0:g:g84AAeSwbyJqO~FA
gundam,eBay,marketplace,Bandai Hobby - Maquette Gundam - MS Option Set 1 Cgs Mobile Worker Gunpla HG,8.95,8.99,USD,New,https://www.ebay.com/itm/256601360782?_skw=gundam&hash=item3bbea2098e:g:6v0AAOSwwpJlMufP&amdata=enc%3AAQALAAAA4ACCtXRWQnOEpyOqnQQ8KGbQpxrjkj1zBNnrYEWUhD8xPlEBoD4zK2aUmAI1sv8WyEnYHWD0Q%2BXH3LDb9ME5CqkIzhIvdHOvnFCM%2B5YH8kBvHPuPod2bb8NVFY%2B5Nn8oJ0gE6dEBZ4NVAIRxzBER%2FQ%2Bh0S4A0oSCsKVyR6c6ibfDpejxUUfykOAWDotb0qFSaap5FLArxojWCFhOkUYSlKgWmXA%2BGCJPTu5l1xFUp2NJp0BNP2WKQ3d7xFvmEBFbosizuJXrC%2BC8qgv4h%2F4s5Nz6sk8AtcNjegKsHYBG1uPQ
gundam,eBay,marketplace,HG 1/144 RX-81ST G-Line Standard Armor Model Kit Action Figure Toy Gift,23.99,0.0,USD,New,https://www.ebay.com/itm/389966432264?_skw=gundam&hash=item5acbcf8808:g:320AAeSwA7pp9lrH&amdata=enc%3AAQALAAAA4ACCtXRWQnOEpyOqnQQ8KGb2RB0dJwyt01TiIbAMG1awXEcZnXcanFBUYh%2BG%2BNk%2B1TYLjw3Q92kXud780yjQG2UMXHvRPymosEhlaSRZUPkHGqUzPG3GJKWftdan3TPYSbowFmd6ORxPwAxYSTzJ6RBC29GNfXabhJS3TkXgCg%2By149aOodV3IaUUkERlsiRBqiYJ95EA2JAG%2FcWRI9yfeb491g1zyk7khPhqXPhvsTsb9esBhjWEkwgxeqwQKW6HMPJZjk6RFN%2F7keC58mqeNqxfrUMAWCFw8%2Bn6V2eyVLQ
gundam,eBay,marketplace,Bandai Hobby Turn A Gundam Gundam Turn X MG 1/100 Scale Model Kit USA Seller,99.95,0.0,USD,New,https://www.ebay.com/itm/137539996024?_skw=gundam&hash=item200605c978:g:4vYAAeSw6fRqgmPb&amdata=enc%3AAQALAAAA4ACCtXRWQnOEpyOqnQQ8KGbGVnDkCRo2O0%2FNaGWZTF16PoQhRaeiR9kgwD%2F9RHCO84C5oGn3tXkW2PMefeShQ8QGHrIqfPKPeORMZRVNvo9a5RlXvMn3DC4TZuSZGH2aWLbDg8zIbCYVZSo9GZjYq4cgg51wjaUL%2BuMPQJEGi0kIoIaAPDu3Z9IdKPxlRDzAmETYh5xyH%2BUKD09V5Rq8gRmcAgQ%2FAxJXngkLI7d4OQZZkeeYWd5%2FvYMZ7Uy0IkPcOF1DCGXBNh4ltAmeNWJZKAiFezqbdk0WpKICsztQoOuE
gundam,eBay,marketplace,HG 1/144 Gawilva Mecha Model Kit Witch From Mercury Action Figure Toy,21.99,0.0,USD,New,https://www.ebay.com/itm/389988764645?_skw=gundam&hash=item5acd244be5:g:2hoAAeSwXf5p~MGZ&amdata=enc%3AAQALAAAA4ACCtXRWQnOEpyOqnQQ8KGYc3xk%2Fo0XTHw%2FmZSskJXSDL%2BFC%2FBI1XNYXYMrepErJ3JPoWnf58o847aOQtTKNTIs9ppZJmmA1MOlgpOh2ot5wWzu1LiwK1OGMCgj5EPYrIFwhxulwnFwqufeq5NdhoJQ1jgRybqqba7HGhsqewfIYwzWCf%2FXH4S%2B0Zihi8Ccj8hc8l3EHKxhL3zRfEPEowXs9qf9Tsz%2BLrjl1Ll%2FW9OYRds0xDobjoEh1pjkwepwxRlz4Zy3thcwAsHtcf3P3dwX9pjyqMV55LRbsVtyTU%2FYl
gundam,eBay,marketplace,Bandai Osaka Expo2025 RX-78F00/E Gundam EX-001 Glass Feather 1/144 Model Kit USA,42.95,0.0,USD,New,https://www.ebay.com/itm/147494555916?_skw=gundam&hash=item22575c510c:g:CHkAAeSwhFRqhl-W
gundam,eBay,marketplace,Bandai Hobby HGFC #128 Master Gundam & Fuunsaiki 1/144 Plastic Model,37.9,0.0,USD,New,https://www.ebay.com/itm/147518455998?_skw=gundam&hash=item2258c900be:g:VQ0AAeSwehZqh3lR
gundam,eBay,marketplace,"Lunamaria Hawke ""Mobile Suit Gundam SEED FREEDOM"", Bandai Figure-Rise Standard",40.0,0.0,USD,New,https://www.ebay.com/itm/176395835539?_skw=gundam&hash=item291202d893:g:dfYAAeSwt5tqO~Gn
gundam,eBay,marketplace,Bandai Nobell Gundam 1/144 Model Kit NEW,40.0,,USD,New,https://www.ebay.com/itm/128036866951?_skw=gundam&hash=item1dcf978b87:g:7egAAeSwFh9qh26c
gundam,eBay,marketplace,"#6 Light-type Guncannon Mobile Suit Gundam GQuuuuuuX, Bandai Hobby HG 1/144",24.0,0.0,USD,New,https://www.ebay.com/itm/187367687922?_skw=gundam&hash=item2b9ffc06f2:g:NEAAAeSwlQtqO~Hr
gundam,eBay,marketplace,Gundam ORX-139 Hambrabi GQuuuuuuX HG 1:144 Model Kit,29.99,8.0,USD,New,https://www.ebay.com/itm/358902127917?_skw=gundam&hash=item53903bdd2d:g:iRYAAeSwMCBqglfJ
gundam,eBay,marketplace,Bandai Gundam SEED EX-22 Mobile Armor Exass 1/144 Scale EX Model Kit,34.95,0.0,USD,New,https://www.ebay.com/itm/147393456644?_skw=gundam&hash=item225155aa04:g:eBsAAeSwjWhqdJNZ&amdata=enc%3AAQALAAAA4ACCtXRWQnOEpyOqnQQ8KGYdoTBoAoCvw8YYjGV3Qo7RiRkvAD4LTtuTMSg9tE74icR2e56k5BCMCHKlZ1Tb1X2mJJWKHt6UJWJBs0UeiA0qVhQKxiD%2FpEWOvCykMbWbxWDGejtkqO69IPc3yFlLDv13OZ%2FuRynujVeb7G5js%2B9SjZnVOnRhNKyQNwHFmIwE2DRzavKrG0m00bCcWUDCyRUvkjhFniElnClPYSQTjkMe2T60DfQt7OfrtR6UYIkQO0zZOABGdhsFU8r%2FA8VMbiSBjZClOQeXc97jUU4KZ3du
gundam,eBay,marketplace,HG 1/144 Schwarzette Model Kit The Witch From Mercury Mecha Figure Collectible,17.99,0.0,USD,New,https://www.ebay.com/itm/236886111020?_skw=gundam&hash=item372783332c:g:BhwAAeSwiXBqNRWc&amdata=enc%3AAQALAAAA4ACCtXRWQnOEpyOqnQQ8KGYm19cSbwONjjKm4uH8RjkOU%2Bkcz4CwIi8jNO5B65xbaVnrwt2i3IiZjNXHfWKWbyZSghVsOog0LTk4TpK%2BvHfJTatrFKranoAcMUyEUGk3b6Czjmh7wWCHei59VXiF2cSC5G0fxZVOtoqco%2F9bCDEwopaQqn8THMYniUmEmvGdYcNk3uC08WoJ4Iuq5ycDcQxKZHwE97vXTZbmYdeRMqKl4gOu%2B4DD1P7XBeVAlMC%2BA485ZNoQCHUFyba6ehogu3EWJNe5uO1k1Y3eqdQChFYA
gundam,eBay,marketplace,HG 1/144 Char's Zaku II Red Comet Gundam Assembly Model Kit Action Figure Toy,13.99,0.0,USD,New,https://www.ebay.com/itm/206184463290?_skw=gundam&hash=item30018d3bba:g:eUgAAeSwMihpzjwt
gundam,eBay,marketplace,"#2 Police Zaku Mobile Suit Gundam GQuuuuuuX, Bandai Hobby HG 1/144",24.0,0.0,USD,New,https://www.ebay.com/itm/187367687919?_skw=gundam&hash=item2b9ffc06ef:g:xdMAAeSwwsJqO~Hs
gundam,eBay,marketplace,Bandai 1:100 MG Gundam Virtue Model Kit Sealed Damaged Box,89.99,0.0,USD,New,https://www.ebay.com/itm/117266763282?_skw=gundam&hash=item1b4da4ce12:g:23EAAeSwI5lqPCzd
gundam,eBay,marketplace,Bandai MG 1/100 Providence Gundam Z.A.F.T. Mobile Suit ZGMF-X13A MS Model Kit,114.99,0.0,USD,New,https://www.ebay.com/itm/265938761150?_skw=gundam&hash=item3deb2f75be:g:K0EAAOSwIe1gMhHy
gundam,eBay,marketplace,Bandai Gundam Aerial Full Mechanics 1/100 Model Kit - US,64.95,0.0,USD,New,https://www.ebay.com/itm/176961668500?_skw=gundam&hash=item2933bcc594:g:sDAAAeSwSARn5uL1
gundam,eBay,marketplace,Bandai HG 1/144 Gundam Aesculapius G-Unit Wing Premium Bandai P-Bandai Model NEW,84.95,0.0,USD,New,https://www.ebay.com/itm/157701258696?_skw=gundam&hash=item24b7ba3dc8:g:toUAAeSwHB9pm7rM
gundam,eBay,marketplace,"#42 Gaplant Z Gundam, Bandai Hobby HGUC",30.0,0.0,USD,New,https://www.ebay.com/itm/187571438549?_skw=gundam&hash=item2bac2103d5:g:F1sAAeSwaYlqO~Iy
gundam,eBay,marketplace,Bandai Hobby HGUC #86 RX-93 Nu Gundam HG 1/144 Model Kit USA Seller,36.95,0.0,USD,New,https://www.ebay.com/itm/147398461942?_skw=gundam&hash=item2251a209f6:g:1akAAeSwGDJqhNxL
gundam,eBay,marketplace,Mobile Suit Gundam SEED Astray HG 1/144 Gundam Astray Gold Frame (Amatsu Mina/Fl,20.85,0.0,USD,New,https://www.ebay.com/itm/366423728387?_skw=gundam&hash=item55508e6103:g:wGMAAeSw6SNqDskK&amdata=enc%3AAQALAAAA4ACCtXRWQnOEpyOqnQQ8KGZI68jzViFkzpm%2B9Uh666lecli8jenwRpAjCqWqrvokmK%2Fe6pKBG%2FfhS7uNPZ5rmrBPtnK8qbWJbiLGNer0KgrrgnmkY1TTfwVev0Ijh9QtOHXFwVQTgSFoWN9ihjr26r3vUe5gwqylquQK6%2BtGFw8T4bJwUzULIBTMtNsCZZmlN3zl1FGn1Jv3uQ36HqhITg0QRyzRX73cJWmM7WHQZDoHMr6YscpS82wtBYP9X4VclP0ak69W4Ig5leSTaqbjKDyUgvPKJcyXNmQ6m7JuteJq
gundam,eBay,marketplace,HG 1/144 Narrative C Coating Assembly Figure Anime Plastic Toy Collectible,27.99,0.0,USD,New,https://www.ebay.com/itm/358392196628?_skw=gundam&hash=item5371d6ee14:g:tT4AAeSwSVZpyv8~&amdata=enc%3AAQALAAAA4ACCtXRWQnOEpyOqnQQ8KGa6IuSWwwLzgOgDzSOYVNuSMZgrZ%2BlL9VR0YobA9IJpYvoKPE8ATfawhGKcF9Ts4IRFghVxLHw0SX%2FfZj0WFx1%2BNrSTF%2FPyVPmFyeBmmdionTf%2F1DAZ7LkXPaYuab46QZLZqpe7LeaXf3mp%2FnYcbm5osDtAAix5SU4iYHVLevhf%2BPVnL2fo6ozJmlduAKIoeA%2BjG3wQbAkosFKyX4OKfbCXLxZdluYUAJ1G%2BAr8Gn9RlvlcY2auVTe62TMQHW%2Bev%2F4ygOLBWsxPywvSQSaQj7ru
zoid,eBay,marketplace,Takara Tomy Zoids 40th Anniversary Blade Liger AZ-01 RZ-028 1:72 Model Kit,125.0,,USD,New,https://www.ebay.com/itm/168613856652?_skw=zoids&hash=item27422b458c:g:nroAAeSwTHhqf1VQ
zoid,eBay,marketplace,Kotobukiya Zoids AZ-05 Saber Tiger 40th Anniversary Model Kit,85.0,,USD,New,https://www.ebay.com/itm/188819602118?_skw=zoids&hash=item2bf6867ac6:g:goMAAeSwFLNqhlCH
zoid,eBay,marketplace,Zoids Maccurtis Crawfish Model Kit Poseable Pre-Built Figure Purple/Black 83049,100.0,,USD,Used,https://www.ebay.com/itm/168628953842?_skw=zoids&hash=item274311a2f2:g:49YAAeSwiX1qh3p2
zoid,eBay,marketplace,BT Building Blocks ZOIDS RZ-041 White Liger ZERO 1:72 Scale Full Action Plastic ,68.83,10.0,USD,New,https://www.ebay.com/itm/127956253748?_skw=zoids&hash=item1dcac97c34:g:NlIAAeSw38FqSIGY
zoid,eBay,marketplace,TOMY Zoids Liger Zero Lion Type 041 1/72 Vintage Japan w/ Box & Manual,100.0,,USD,Used,https://www.ebay.com/itm/318756438458?_skw=zoids&hash=item4a375d41ba:g:71gAAeSw2npqhk6T
zoid,eBay,marketplace,Vintage 1985 Tomy Zoids Iron Kong EPZ-002 Assembled Unused Decals Manual Box Art,144.95,,USD,Used,https://www.ebay.com/itm/318699165389?_skw=zoids&hash=item4a33f356cd:g:7vIAAeSwCz5qd5lF
zoid,eBay,marketplace,TOMY Zoids Motorized Model Kit Lot DISPLAY BOXES & MISCELLANEOUS PARTS ONLY ￼,120.0,,USD,Used,https://www.ebay.com/itm/366616774341?_skw=zoids&hash=item555c1006c5:g:pFYAAeSwrWpqhhwT
zoid,eBay,marketplace,ZOIDS Blade Liger Mirage BT Model Building Blocks 1:72 Scale Full Action Plastic,78.12,10.0,USD,New,https://www.ebay.com/itm/127974465300?_skw=zoids&hash=item1dcbdf5f14:g:oR8AAeSw75ZqVlwj
zoid,eBay,marketplace,Vintage Tomy Zoids Salamander RPZ-01 1/72 Model Kit Pterosaur Motorized Cut Box,39.95,,USD,Used,https://www.ebay.com/itm/318760174133?_skw=zoids&hash=item4a37964235:g:l9oAAeSwqlBqg0zi
zoid,eBay,marketplace,Zoids RZ-041 Liger Zero Schneider Marking Plus Ver. Model Kit Kotobukiya,119.95,9.95,USD,New,https://www.ebay.com/itm/177802010074?_skw=zoids&hash=item2965d35dda:g:TEIAAeSwPY9qC1~c
zoid,eBay,marketplace,Kotobukiya 1/72 Zoids HMM RZ-007 Shield Liger DCS-J  Scale Model Kit,89.99,0.0,USD,New,https://www.ebay.com/itm/157655357153?_skw=zoids&hash=item24b4fdd6e1:g:9~kAAeSwaJVpgQKa
zoid,eBay,marketplace,Takara Tomy Zoids 40th Anniversary AZ-03 Murasame Liger 1/72 Scale Model Kit,139.99,0.0,USD,New,https://www.ebay.com/itm/407023229039?_skw=zoids&hash=item5ec479986f:g:gWQAAeSwxcJqQ0nX
zoid,eBay,marketplace,Kotobukiya 1/72 Zoids HMM RZ-028 Blade Liger AB Attack Booster Scale Model Kit,124.99,0.0,USD,New,https://www.ebay.com/itm/357808502785?_skw=zoids&hash=item534f0c7801:g:kpgAAeSw7lFo~Bwv
zoid,eBay,marketplace,2000 Tomy Zoids CP-11 Maneuver Thrusters add on parts for Iron Kong,49.95,19.75,USD,New,https://www.ebay.com/itm/188802892125?_skw=zoids&hash=item2bf587815d:g:Qf0AAeSwHn1qgg24&amdata=enc%3AAQALAAAA4ACCtXRWQnOEpyOqnQQ8KGaS6U5r9WcZRmCxfyBOPhKvc59YoSOxhSDaOv8eN%2B9EojEMf%2Bp3F1N%2Bl8f2Y4lMGsymq6eSAOl4p%2FeO0JHa9PQkoEAiGrZxhkcHAyjAVyniHHLvw1bHisS6Snv77vU47KRmaRXUM5%2FdkpZidbBpUcbVBW6maKcUx1LCDTAhXL7dOdoQux96y0Hhia9TU5%2BIUQ7XJNG0ZlX2f%2Bgjzv2UV%2FtNT9nFIDFlkc%2BbUAc8ObXZe8alBDRiqX9NXgohS5PJ7a43gx27%2BE9%2BJ%2FTLGvKJkERx
zoid,eBay,marketplace,Vintage 2002 Zoids Mosasledge BZ‑003 1/72 Model – NEW Open Box – Complete – Box,49.99,5.99,USD,New,https://www.ebay.com/itm/298600062737?_skw=zoids&hash=item4585f35f11:g:z8QAAeSwM89qhRQH&amdata=enc%3AAQALAAAA4ACCtXRWQnOEpyOqnQQ8KGZIDgvAHHAylOouy7fOlBS2tES6DYfMhKx9DEduxmwBhT1r7yU2LAOQ1pv5IBk25%2BCDR9dDJWAIf23gFmzvOehWOpd4PZhRNHEmjS5ZGnq9f4WyS%2BQGITH8bzxznOUbup6qKzus3DCAX0j8do%2BAK3bnwppmZUUFScIXmumT7uxCHYnGHGL6zf%2BYqWWwo6MOKXmFGYoHIEja6JBO4k86z3yUvrBxr2HESS65G%2FEs97WBiWHtYGSXa7xL5ccEZglPUCXyokGgdbEPFIE5uxfCYOB1
zoid,eBay,marketplace,Kotobukiya HMM Zoids Gojulas Cannon Set Model Kit From Japan Brand New Rare,399.99,,USD,New,https://www.ebay.com/itm/147502780289?_skw=zoids&hash=item2257d9cf81:g:JuQAAeSws4lqfgoK&amdata=enc%3AAQALAAAA4ACCtXRWQnOEpyOqnQQ8KGaviO%2BSMPH2fL1%2FMgFsMNrhPrdqxEqdcvjHCyGEdXP7V5T77P0BSNMgY1JDEHLYFP7XWJFo5b8Qkt1bGLvO64pL30Dv0U0bSRFXRIcZGMog%2BOvl2ar9Vpv%2FWb6ZQAJQthKyZCKySJRzMxCmGSa7ed8oIlDNDKSyCoJe7OGL5lZTjd8BW10Yy9eszxH41dxaolcDMDL6aX1GNb23kBxYBrKPP%2BgRd3PfWTH0%2BQgF4O9CmeTUij%2BxdpLM049CqZXh9cywGihU3QxM%2F8%2FE6pEFhTMQ
zoid,eBay,marketplace,Vintage ZOIDS Liger Zero #041 Hasbro 1/72 Scale Motorized Figure Never Opened,249.99,6.65,USD,New,https://www.ebay.com/itm/336708164244?_skw=zoids&hash=item4e655eda94:g:0KQAAeSwRo9qZSdF
zoid,eBay,marketplace,Liger Zero Holotech - BAF 01 - Zoids [RARE] 2002 Tomy Hasbro,49.99,4.99,USD,Used,https://www.ebay.com/itm/287416762012?_skw=zoids&hash=item42eb5fbe9c:g:d2IAAeSwz6xqPErN
zoid,eBay,marketplace,Hasbro ZOIDS Konig Wolf 1/72 Scale Action Figure Model Kit #053 ~ New in Box,73.99,0.0,USD,New,https://www.ebay.com/itm/377326325567?_skw=zoids&hash=item57da66cf3f:g:PvoAAeSwKjRqTWGi
zoid,eBay,marketplace,"Takars Tomy: Zoids Liger Zero (HMM 022, RZ-041) 1/72 Plastic Model Kit *READ*",119.99,0.0,USD,Used,https://www.ebay.com/itm/158089635444?_skw=zoids&hash=item24cee06674:g:GG0AAOSwHz9nSkVr
zoid,eBay,marketplace,Hasbro Zoids Dark Spiner Figure Model Kit #060 1/72 INCOMPLETE FOR PARTS ONLY,55.99,0.0,USD,Used,https://www.ebay.com/itm/257642358836?_skw=zoids&hash=item3bfcae6834:g:0uYAAeSwU7hqZWRt
zoid,eBay,marketplace,Kotobukiya D-Style ZOIDS Blade Liger special limited -Gold plated parts include,6.5,39.0,USD,New,https://www.ebay.com/itm/297687131853?_skw=zoids&hash=item454f8926cd:g:ky0AAOSwlZdkACMO
zoid,eBay,marketplace,Hasbro Zoids Action Figure Motorized Model Kit 1/72 Dark Spiner #060 SEALED BAGS,80.0,,USD,New,https://www.ebay.com/itm/327313736989?_skw=zoids&hash=item4c356b451d:g:qgYAAeSwv-Jqgkxa
zoid,eBay,marketplace,Kotobukiya HMM Zoids RZ-041 Liger Zero Jager Panzer Schneider 1/72 Model Kit,109.99,49.99,USD,New,https://www.ebay.com/itm/358785730797?_skw=zoids&hash=item53894bc8ed:g:s2oAAeSwstBqUwH5
zoid,eBay,marketplace,BT White Liger Zero RZ-041 Model Kit 1:72 Scale Mecha Beast Action Figure Build,57.49,0.0,USD,New,https://www.ebay.com/itm/278057327081?_skw=zoids&hash=item40bd8219e9:g:l3cAAeSwoulqIHj~
zoid,eBay,marketplace,Kotobukiya 1/72 Zoids HMM RZ-041 Liger Zero Jager Marking Plus Ver Model Kit USA,109.95,0.0,USD,New,https://www.ebay.com/itm/157646408120?_skw=zoids&hash=item24b47549b8:g:ywUAAeSwu2Rpe9Ro
zoid,eBay,marketplace,Blade Liger Mirage ZOIDS Plastic Highend Master Model Kit Kotobukiya 1/72 RZ-028,140.0,0.0,USD,Used,https://www.ebay.com/itm/267688758112?_skw=zoids&hash=item3e537e4b60:g:r-MAAeSw51NqIHp8
zoid,eBay,marketplace,Zoids ADVANCED Zi Red Horn Model Kit RMZ-014,73.98,0.0,USD,New,https://www.ebay.com/itm/377429715823?_skw=zoids&hash=item57e0906b6f:g:LSoAAeSwJK9qhJqm
zoid,eBay,marketplace,[Kotobukiya] ZOIDS Green Horn AB 1/72 Plastic Model ✨USA Ship Seller✨,179.95,30.0,USD,New,https://www.ebay.com/itm/398221680137?_skw=zoids&hash=item5cb7dc9e09:g:zvkAAeSw9h1qZ~QG&amdata=enc%3AAQALAAAA4ACCtXRWQnOEpyOqnQQ8KGYxlL0Ykha1cEYxaeZXGoRnmz%2BEpleShKkqNWvYNJW99mZvVPSowOadAroHxX8E4g1LCm1RDugKR42dBkpxhj2I%2Fh5tzgebxB9s8bqP9gCvkFiV9kGY9SKOYuiWds0AHNHEtbIgLLre0KY8lAA8L9XCMjyBwv%2Fft9ls4R9DzlLcphC5kQiyygGDoyu4xPFLNAkXoaC4kwPrViNQLIUQFcFFKL3z0Vc1o2mYa%2BtyqGk%2FeDeYysZtY2wVNNpzb1dmuS6Yyp%2FusVj0lQfR%2FQRV6lSY
zoid,eBay,marketplace,TOMY Zoids Shadow Fox RZ-046 Fox Type Pre-Built Model Kit Figure & Manual,120.0,,USD,Used,https://www.ebay.com/itm/318756465981?_skw=zoids&hash=item4a375dad3d:g:GLsAAeSwrj5qhlJ9&amdata=enc%3AAQALAAAA4ACCtXRWQnOEpyOqnQQ8KGZii7zZD6iwZLDnVRH%2BeT9tF0v%2BYjOFUfTjQKy%2F409dGxSPxgkJ8IKLXPEzBH19OMZhkjQyBvEuG62XxV5yuIGgGtRB1ELkcu91Cym2f8JujGjbyWn%2FFviLBMR9wAPsWuWBhbxxpOuKbct3hUYq5Kk28VDHS8HR1aKfZnVCmrA4P6sCxb0%2B5SPzV705oPX6zSi4i9ix1gc4KYHxny0LcuDChaemhn84G9nxTalwVm3RMvGqEQdRe48VoRRAnMv0UxoOGPt6OtwjR%2FjiLkunn4Vw
zoid,eBay,marketplace,Takara Tomy ZOIDS Sonic Bird Ratha Plastic Model,79.29,0.0,USD,New,https://www.ebay.com/itm/376266630100?_skw=zoids&hash=item579b3d23d4:g:f9YAAOSwc2ZoLZtF&amdata=enc%3AAQALAAAA4ACCtXRWQnOEpyOqnQQ8KGanYDliObKpAyVROvbcM7DrQDzrwXZUrtwgYGtxpzsA2xg%2Fu47C1C2xyMcSgpw6l4YXb9%2Fn%2Bjd6prnKOQ8gHk4JsACpg5X1d3Lp%2BKuO4Pf1K9M9AWYx2pnG6YSws1WcWvqHLE6U6QLO13i0%2FvMK0YFgHXw5AdKUm1N8kxFHf0e8y3K9AG1dweRuqJa6Dnmxugd6jxYHGrwrsPLj2now8Y7fj394bsEegsQkYwp6M2%2FZdesQO8J06jYbw%2BurMmYLdkK9O4h7DrVklom3%2BFFxcsEh
zoid,eBay,marketplace,Zoids Metamor Verse MV-01 Ao Kiriyama & Blade Liger Takara Tomy US Seller,150.0,0.0,USD,New,https://www.ebay.com/itm/117245593612?_skw=zoids&hash=item1b4c61c80c:g:-C0AAeSwMWtqLEkF&amdata=enc%3AAQALAAAA4ACCtXRWQnOEpyOqnQQ8KGblAuZRC7rjk5jsDwobIBEfx1TI9jbJbzZ6RbRHMd4%2FcFSwTilHWDLubnNMYQZJ49WUE4jccGtDujZizeSQPwkLxteUYMlUC2v4YmirsipFAbJob%2Ff37wsuLmJ8hLnvXlhU%2BkmGUQOwPhk36gsTrSAoADR7mHd5QV9tNKBcFQ8jMqanp5hTilQOU%2B8rHNQSnMf%2B8GryIEd2GMcWOlILa9cFieut%2BYD7GkutfxMGzEHBszT58Qtm2yWsLkG9lFl3E3s79z4XNIPIlfx9hr9uJ8c2
zoid,eBay,marketplace,ZOIDS -- Choose from Many different Kits -- New in Boxes -- Kotobukiya HMM Kits,52.0,7.5,USD,New,https://www.ebay.com/itm/116111516242?_skw=zoids&hash=item1b08c92252:g:VS0AAOSwqllnyOL5
zoid,eBay,marketplace,Hasbro 2001 Zoids Dibison Model Kit Built  With Pilot,29.99,,USD,Used,https://www.ebay.com/itm/298590675344?_skw=zoids&hash=item4585642190:g:D44AAeSwRQxqgJi-
zoid,eBay,marketplace,Vtg Authentic Zoids Random Parts Including Gravity Ptera Parts,19.95,8.97,USD,Used,https://www.ebay.com/itm/188748881302?_skw=zoids&hash=item2bf24f5d96:g:MLUAAeSw8KJqcpUm
zoid,eBay,marketplace,Kotobukiya Zoids HMM EZ-026 Geno Saurer Repackage Ver. 1/72 Model Kit,135.0,,USD,Used,https://www.ebay.com/itm/267758619530?_skw=zoids&hash=item3e57a84b8a:g:Ja8AAeSw3bJqgSwj
zoid,eBay,marketplace,Takara Tomy 1/100 Realize Model Zoids RMZ-011 Geno Saurer Raven Special Model,59.99,,USD,New,https://www.ebay.com/itm/257680478327?_skw=zoids&hash=item3bfef41077:g:JsEAAeSwO2lqf1-M
zoid,eBay,marketplace,ZOIDS GUN SNIPER LEENS SPECIAL 2001 RE/COLOR KOTOBUKIYA TOMY NEW SEALED BAGGIES,100.0,19.5,USD,New,https://www.ebay.com/itm/257688927091?_skw=zoids&hash=item3bff74fb73:g:GJAAAeSw5B5qhLYl
zoid,eBay,marketplace,Kotobukiya ZOIDS HMM Geno Saurer 1/72 EZ-026 Highend Master Model Kit,273.9,54.0,USD,Used,https://www.ebay.com/itm/206499670836?_skw=zoids&hash=item301456eb34:g:6mwAAeSw6xpqg-IB&amdata=enc%3AAQALAAAA4ACCtXRWQnOEpyOqnQQ8KGazMGOa5c%2FtEU9%2BpvGT7n%2FqSX5n2CY%2FZpiSdWE9CvJkBdBJh6jqyRnCD%2FhNDMVi5HJ87M7luU2a6FkP%2FxARMp8RmRRCMBWj9%2Bsg7EMUWPzGvJ1c2S6jzbER2hUPVIwx6kjwWH0aedI77y%2F2wRUnYdn4CutDMNZ1P8iKfrP600%2FgX1PYBVG%2Fg%2FKKLtVi1gEOrhH2FqnFmIeSM4hPkW0PxeUY4nlAVZBPRrlYxil9khMDc6F3cMt%2FLK9rDBiQ1v6EC%2BRHvHxBPPiqZYY9yvvW6%2FeK
zoid,eBay,marketplace,ZOIDS Model No.  Desert Liger (Lion Type) TOMY From Japan,186.42,0.0,USD,Used,https://www.ebay.com/itm/116589307985?_skw=zoids&hash=item1b2543a851:g:qIYAAeSwo~lpr9av&amdata=enc%3AAQALAAAA4ACCtXRWQnOEpyOqnQQ8KGYLtkQ6nddvFR3JA%2BCStkaUjuzUobth5QnP3xBfMPhN59D85LPoJXdQObXJuMmoZbMsVGfs2gIy5cFpDtwRptMbiEbdxCUIn6WGyPahpeweIAAKlQAcylJ9sleOukqhEBNP0tG5vqRwW%2FzlXbPVBTqVTlU8pSSWYmwhKYXLnpOngn2WtTXsyGWdfsb3jNFj2ffgfhpY6flOVjwSuHC1H%2FvlJHbehYKKbuNW6JOPRFqvBg4JXxbEuXs9aDX16NjmPVtI%2F2zLO2h65eG1a4ekqPGe
zoid,eBay,marketplace,Kotobukiya ZOIDS Death Stinger Hiltz 2000 Recolor w/ Blade Liger Figure Bonus,400.0,0.0,USD,New,https://www.ebay.com/itm/188690431724?_skw=zoids&hash=item2beed37eec:g:qnMAAeSwxUxqY1hb
zoid,eBay,marketplace,Zoids 1/24 R24-5 Battle Rover Ornitholestes Tony New In Box,121.91,7.5,USD,New,https://www.ebay.com/itm/117360562987?_skw=zoids&hash=item1b533c132b:g:vxsAAeSwJOxoVymu
zoid,eBay,marketplace,HMM Zoids Lightning Saix Irvine Special Kotobukiya,75.0,,USD,Used,https://www.ebay.com/itm/278277771258?_skw=zoids&hash=item40caa5cffa:g:DRIAAeSw8fdqfluY
zoid,eBay,marketplace,Zoids 1/72 Lightning Saix Irvine Special 2000 EZ-035 HMM Kotobukiya Model Kit,143.0,0.0,USD,New,https://www.ebay.com/itm/287504066779?_skw=zoids&hash=item42f093e8db:g:YPEAAeSwErFqcolr
zoid,eBay,marketplace,RARE TOMY Zoids Generations ZGe-001 Liger Blue Souga Unbuilt New in Damaged Box,250.0,0.0,USD,New,https://www.ebay.com/itm/407048128128?_skw=zoids&hash=item5ec5f58680:g:QKEAAeSwznxqSSkb
zoid,eBay,marketplace,Kotobukiya Zoids AZ-05 Saber Tiger Plastic Model Kit Takara Tomy,99.95,7.95,USD,New,https://www.ebay.com/itm/186730358509?_skw=zoids&hash=item2b79ff26ed:g:4~IAAeSwcCJp8PfK
zoid,eBay,marketplace,Hasbro ZOIDS Z-Builders 1/72 Dimetra Ptera 2003 Toy,20.0,5.75,USD,Used,https://www.ebay.com/itm/117336260616?_skw=zoids&hash=item1b51c94008:g:BfcAAeSw7H9obmHy
zoid,eBay,marketplace,Zoids 1/100 Iron Kong Realize Model Kit TAKARA TOMY/ T-Spark NEW,108.0,0.0,USD,New,https://www.ebay.com/itm/298451018017?_skw=zoids&hash=item457d112121:g:83YAAeSw16pqD6aH
zoid,eBay,marketplace,TOMY Zoids Konig Wolf Wolf Type RZ-053 1/72 Pre-Built w/ Manual,130.0,,USD,Used,https://www.ebay.com/itm/318756456628?_skw=zoids&hash=item4a375d88b4:g:DdMAAeSwhthqhlGW&amdata=enc%3AAQALAAAA4ACCtXRWQnOEpyOqnQQ8KGZPaLp3Xn402DCbt%2B7hzU05QT94N6bopFZkZFSetucVp%2BBIj2plOqlamu9VpxYphi%2B9MGPk0LKNFLAS139yB9c%2BwNmML9wtbTAqKArvQy12BK7gsT9BKyVYOiPe5C5JOZh3lLJOfZRy5krgwoYKzwS6RlwJlh8pgpCBFh1FeQCbniWRvizEdtsUoxSPHL4za%2BM%2FyKV41bga5ZFVEaUU%2Bn59TwXtkZ%2B1WbZMFt4gsTXLjAgBi7h%2BE3V%2F7fFKmraUyjB3Zl9vZ6V8spgvigYiGn8G
zoid,eBay,marketplace,ZOIDS Shield Liger Mk.II Model kit Fall 2007 Plastic Model RC Car Show Limited,137.78,3.73,USD,New,https://www.ebay.com/itm/287490395379?_skw=zoids&hash=item42efc34cf3:g:4PYAAeSwGFpqhvsh&amdata=enc%3AAQALAAAA4ACCtXRWQnOEpyOqnQQ8KGaf2NjdZxVUZbI%2B9RtMXpjq2xnd0t2jHGQiXBAbMn5gvs66%2ByJYikcaVC8xoXujTWwIlCt95qmFABcgtHXj8cb1hlx9Bkl10n58zM0glbczkrUiNiG7g7xNhehvnZkJ2rukcC4vhYY9h%2Fx7FdM7La4qHRpmgfbP2Qky%2BceKJ1m6M9qZ3xx46lSNNrsb4LQqEEsPhAoxTPciLLZbfasGsgk9K6mTkk7JUetNw%2BNUFRjIiSozRbhG%2Fj33tIhiZSvZfXgsRuXJT%2BPlrDNMJI0WFeze
zoid,eBay,marketplace,Takara Tomy Zoids Wild ZW-01 Wild Liger – Model Kit (New/Unassembled),99.99,0.0,USD,New,https://www.ebay.com/itm/277481047480?_skw=zoids&hash=item409b28c5b8:g:6V4AAeSwLdVpB41n&amdata=enc%3AAQALAAAA4ACCtXRWQnOEpyOqnQQ8KGYc0UwOqz5kuKcb5dDOMkKthyGwk7rDCpSghKj%2FgEg2OcsH60seZSCjpoqIZhM7sAiVEcBN2NjpwM%2Bw5%2FyzRS4%2FAUjVdEPKqOI9bBgOlMvqXGzDrCKy6j4Fz00ze6dnu5bIIcxBq%2FjqhNeL1nZ3hcCC%2BD%2FWnzxyC1%2FK689qqGseEdgxhvpn6XOs4jvaTDjkZtvKeezPEA0MDFiqs934gZdS7Sxm1G1V0Fvp6s9sffVArJUSAbpI7r2%2FO6n2gmoO%2FYJNDnGEkoNV0xAcECtTBW1u
zoid,eBay,marketplace,Kotobukiya ZOIDS RZ-028 Blade Liger Mirage HMM 1/72 Model Kit,298.98,54.0,USD,Used,https://www.ebay.com/itm/206348654084?_skw=zoids&hash=item300b569604:g:-U0AAeSwaHRqL-cV&amdata=enc%3AAQALAAAA4ACCtXRWQnOEpyOqnQQ8KGag5WLbXPusRYvp%2B9MZYGFjWVXuqnPkmCHzRt7LtuoXUl2xwMSEpE6kx45Z%2F%2Bet4pgaYcBhvjrU7dhWPiJ21DPRMEj6iq9GhAH4aZPKvzgW3NnBO48tHAUYIZiD6sFDbVbWnkfbR17Q5hYOHQRGXu%2BpUu9J1tNu%2FBRdouFyj52kPWNDyRTSs1i5J0MJA6Ch2Ypv7XMev5JHyvrzJR4Rf7jqlPCLfk7rOvX6nFiuIoBlng9HKka96vIc7%2BTOTv3lzpv67VBHzQmkprBQJhmZd9U7
zoid,eBay,marketplace,1:72 Scale Mechanical Beast Model Kit Inspired by Zoids DIY Assembly Building,64.5,0.0,USD,New,https://www.ebay.com/itm/318029828964?_skw=zoids&hash=item4a0c0e1364:g:drkAAeSwJIdpvB2L&amdata=enc%3AAQALAAAA4ACCtXRWQnOEpyOqnQQ8KGYo5JvksRpcEzB5FLNnRRv0WsS6NUlVSv98TqvGlNprb9YYhFMepADRoka%2B1ysY3ZdZb4mTy5HX%2FASk%2BbgRs6rr9sCMVZNQjg5NM5xwxCHtIKUFNT8DNLU8GlTgzJ5TSGygkF87zNRYWUaWgDgx3sY7CBQmTCC841IpbshPHG9ECbCbPchrCEtu5SFJwaNzglTebZ1YI%2B3y8jszuEkq%2B%2Br7MWh7Z4iAySvhJPT19edrwR4%2B86knK4T8l8gvZjDROLsfKnchSi6jbdILGWdeWGHn
zoid,eBay,marketplace,Kotobukiya 1/72 Zoids HMM RZ-028 Blade Liger AB Attack Booster Scale Model Kit,109.0,16.0,USD,New,https://www.ebay.com/itm/277558681073?_skw=zoids&hash=item409fc95df1:g:B7MAAeSwtWZpM59s&amdata=enc%3AAQALAAAA4ACCtXRWQnOEpyOqnQQ8KGYIvrDd9v8odgmEZ4Ken898En4z8%2F2S98iYVfJS519NKNr7ootKiHZZmQX1uvkkhc5KA0qypz1ootl3SJCl3kO0ks9he1KVw%2F0BRxrtOU9VnMdwslXqEETZnO0pvRx44u1W0JUh6Q8yxwqALzDK0Zl3HBXYYegiHHCHOc%2Fxd8OBKzw9UughlISwHxVEM6fMbtm1d%2FfKJqBCQAmIPzNtP5aUpImxY2wAjNpaSXlGnRKuqC1o2b2WnLaAJGV%2BxLMTLlduAmAPxVFsn8f3tZISI8yd
zoid,eBay,marketplace,Kotobukiya HMM 1/72 ZOIDS RZ-053 Konig Wolf Plastic Model Kit Unassembled,120.0,,USD,New,https://www.ebay.com/itm/318683815563?_skw=zoids&hash=item4a33091e8b:g:2JgAAeSwgblqc7gU
zoid,eBay,marketplace,Hasbro Zoids Action Figure Motorized Model  1/72 Energy Liger #102 2003 ,30.0,10.0,USD,Used,https://www.ebay.com/itm/147100919203?_skw=zoids&hash=item223fe5e5a3:g:gQAAAeSwIwdpbRgO
zoid,eBay,marketplace,ZOIDS HMM Customize Parts 003 Strike Craw 004 Razer Blade 1:72 SET Model Kit JP,124.02,0.0,USD,Used,https://www.ebay.com/itm/117226216275?_skw=zoids&hash=item1b4b3a1b53:g:xFMAAeSwxptqHWtR
zoid,eBay,marketplace,Zoids Liger Zero X EZ-054 Tomy 1/72 Model Kit 2001 w/ Box Action Toy,69.99,,USD,Used,https://www.ebay.com/itm/318734817238?_skw=zoids&hash=item4a361357d6:g:Q~cAAeSwJwpoyZXb
zoid,eBay,marketplace,Kotobukiya HMM 1/72 EZ-054 Liger Zero Empire Ver. Marking Plus Model Kit,99.0,,USD,New,https://www.ebay.com/itm/318683803364?_skw=zoids&hash=item4a3308eee4:g:VW8AAeSwdJpqc7Yq
zoid,eBay,marketplace,ZOIDS Gun Sniper 1/72 Motorized Model Kit New Sealed #030 - 2001 Hasbro,47.99,,USD,New,https://www.ebay.com/itm/358626789480?_skw=zoids&hash=item537fd28868:g:ddgAAeSwdDpqHe7a
zoid,eBay,marketplace,"#Z1 ZOIDS SALAMANDER RPZ-01 TOMY,JAPAN 1/72 SCALE  PTEROSAUR PARTS ONLY READ ",39.99,0.0,USD,Used,https://www.ebay.com/itm/178158717908?_skw=zoids&hash=item297b164bd4:g:HOoAAeSw8GhqEbZq
zoid,eBay,marketplace,Zoids RZ-028 Blade Liger AB Plastic Model Kit Kotobukiya,129.95,9.95,USD,New,https://www.ebay.com/itm/177810671146?_skw=zoids&hash=item296657862a:g:480AAeSwU9Bp-kNa
zoid,eBay,marketplace,Zoids Giga Battlers Ruin Buildable Motorized Figure 47 Pcs by Hasbro,35.0,9.99,USD,New,https://www.ebay.com/itm/377296510809?_skw=zoids&hash=item57d89fdf59:g:Z~YAAeSwsJZqPgjD
zoid,eBay,marketplace,Takara Tomy ZOIDS AZ-02 Liger Zero 1/72 Scale Model Kit Light Gimmick Japan NEW,160.95,26.67,USD,New,https://www.ebay.com/itm/126839083466?_skw=zoids&hash=item1d8832d1ca:g:59oAAeSwcUpqaub5&amdata=enc%3AAQALAAAA4ACCtXRWQnOEpyOqnQQ8KGaGEA9p6EbDa8bNqtFe%2BlI12VCSSrByFb9gXM1B0aVflu08RhpJg7cnRSOupgnfJNOreJ0bmGodt01BYqDdLjhHMZjVnGU2AUNKUrBYdZzwJlgdzaHUM3QWjQhWg5y8IZVgK3zqTFrOB%2FA6TbMbp1JNDKvXPFgyu839jyTcI311gwa3dD9UUsSP2GAFLdEgrNIinMxlcU0D3zSaWuq5bvtuDU4O61dTqxReYb70Y5%2Byh9CUp%2B1x2aTRixKOR7PJnz1wzTdlEFGjh%2BbaVvQObH5z
zoid,eBay,marketplace,BT- Liger Zero Panzer RZ-041 Action Figure 1:72 Scale Plastic Building Model Kit,80.08,0.0,USD,New,https://www.ebay.com/itm/318751839940?_skw=zoids&hash=item4a371716c4:g:J~0AAOSw24FnuduB&amdata=enc%3AAQALAAAA4ACCtXRWQnOEpyOqnQQ8KGZb6uoOqKPiWrhq5JOpNF%2B%2FlklGz4a%2FJZziAm%2FJLm8GmqLV%2BwFdQD0pHGLL7UJzkKLLApX%2FScveg9fTCatKGdl85%2BDvuIDQs3aPR6KGBHqwGIdwLoRzdZYuZ%2FYPN0Jwx8K%2B%2Ba9qh4LaVOhSIn1L0buSXLfWL0LdH4WvauQ3d8D%2F7v%2FurQihkWcWF1rXsheEmJhJqRDW0iNsHjbnqTzyNQMutMLz3sxyCh437F8fGu0YRyuTyT%2By8qXT2fbNbPY7DsTcdKXzcsdm5rHalNACk1px
zoid,eBay,marketplace,Zoids 1/100 RMZ-016 Blade Liger Panzer Realize Model Kit Japan Used Complete,140.0,33.0,USD,Used,https://www.ebay.com/itm/147494744165?_skw=zoids&hash=item22575f3065:g:PlcAAeSwPTdqeWLQ&amdata=enc%3AAQALAAAA4ACCtXRWQnOEpyOqnQQ8KGYL0DQCT31FlNWwgPWqMX7w9kK0m0V3ZT7TZmabGn6zYusdHHKktOzeIv1yL2uEpyjfoUc9l09wEopaxOa0JZl7egcPh9UUV7IIz%2Bo5H6eyAIxzHPmLBVc2RtAZ%2FP19QXP4D0rfzhF4xofK4%2FZVtNPfx%2FqyTotWyDVG%2FH1hFnrC2OWl0Ud9o45vwK%2Ft5bC1NOANSasOVAc9o2vJLmuZHKRTdX4n6ZzrejYAloi9uTNjBIM9q%2BR0Sl6%2FmC92a5PMCVwTRR9X3psuuxD%2BEHJhY9ik
zoid,eBay,marketplace,"Kotobukiya Zoids HMM EZ-054 LIGER ZERO X plastic model kit, unbuilt in box",100.0,0.0,USD,New,https://www.ebay.com/itm/137512814721?_skw=zoids&hash=item2004670881:g:BzMAAeSwpx9qVmkH
zoid,eBay,marketplace,Takara Tomy Zoids RMZ-010 Canory Molga & Hell Cat Base Guards,49.99,,USD,New,https://www.ebay.com/itm/257680494339?_skw=zoids&hash=item3bfef44f03:g:dNMAAeSwyedqf2J9
zoid,eBay,marketplace,Hasbro 2001 Zoids Ptera Striker Model Kit Assembled. No instructions.,10.0,6.65,USD,Used,https://www.ebay.com/itm/406996769010?_skw=zoids&hash=item5ec2e5d8f2:g:igwAAeSw4rJqLLUd
zoid,eBay,marketplace,Takara Tomy:  Zoids RMZ-010 EZ-006 CANORY MOLGA & EZ-023 HELL CAT BASE GUARDS,64.95,0.0,USD,New,https://www.ebay.com/itm/178272581059?_skw=zoids&hash=item2981dfb5c3:g:sDAAAeSwNlxqRRW4
zoid,eBay,marketplace,ZOIDS 1/72 Cp-20 Liger Zero and Jaeger Panzer  Schneider  Parts Set From Japan,215.35,0.0,USD,Used,https://www.ebay.com/itm/116477567503?_skw=zoids&hash=item1b1e9aa20f:g:J9gAAOSwCwZnwARq
zoid,eBay,marketplace,Zoids RZ-071 Liger Zero Ray Greg Ver Lion Type Model Kit 1/72 Takara Tomy Japan,249.99,34.0,USD,New,https://www.ebay.com/itm/198302196936?_skw=zoids&hash=item2e2bbb64c8:g:RgAAAeSwgAxp6Lee
zoid,eBay,marketplace,Kotobukiya Zoids HMM Blade Liger AB Ver. 1/72 Scale Model,80.0,,USD,New,https://www.ebay.com/itm/198493275550?_skw=zoids&hash=item2e371f059e:g:RQ0AAeSwrFJqU5~c
zoid,eBay,marketplace,Takara Tomy ZOIDS CP-14 Customize Parts VIKING LANCE From 1999 Rare New Lot Of 4,25.46,0.0,USD,New,https://www.ebay.com/itm/117190542606?_skw=zoids&hash=item1b4919c50e:g:S3MAAeSw6MhptHQ3
zoid,eBay,marketplace,Zoids Salamander RPZ-01 Tomy 1/72 Scale Model Kit Pterosaur Type *Near Complete,44.99,8.5,USD,Used,https://www.ebay.com/itm/187839675247?_skw=zoids&hash=item2bbc1dfb6f:g:YN8AAeSwaxtpPdiW
zoid,eBay,marketplace,ZOIDS Liger Zero KZ-01 & Panzer Unit KZ-01C Sealed US STOCK,129.72,0.0,USD,New,https://www.ebay.com/itm/236882598555?_skw=zoids&hash=item37274d9a9b:g:JLgAAeSw24RqWxq6
zoid,eBay,marketplace,ZOIDS HMM Geno Breaker Raven Ver. EZ-034 KOTOBUKIYA Model Kit 15+ collector item,206.0,41.25,USD,Used,https://www.ebay.com/itm/188721815307?_skw=zoids&hash=item2bf0b25f0b:g:ZsAAAeSwfRBqbJq1
zoid,eBay,marketplace,Takara Tomy Zoids Wild ZW24 Pachycedos Plastic Model Kit New Sealed Japan,111.0,27.0,USD,Used,https://www.ebay.com/itm/147518423211?_skw=zoids&hash=item2258c880ab:g:-vYAAeSwUkpqh3WK
zoid,eBay,marketplace,Zoids Fusers FZ-001 Liger Zero Phoenix w/ Box Tomy Japan Rare Used Collectible,178.62,0.0,USD,Used,https://www.ebay.com/itm/116350529122?_skw=zoids&hash=item1b17082e62:g:RyQAAOSwnHVnBQFq&amdata=enc%3AAQALAAAA4ACCtXRWQnOEpyOqnQQ8KGbg9ilyEaxX7U6OBcCKzyz9e%2F5rhNjZmND0KMuwUZkyHQE29yOPQ%2B1ajNfiavtdjiN6cn%2FhBrCAPqZSbLmEmuWnQwFbX0qMUWzS%2Bhp9NDxLocjDd%2BpoCUb1o3w11j2D6ho9Jkl75JJXajezzMLIIDrqGmXltYPHIQHYED0AP46AED%2FofFS%2FsEurOoz49pBM9Y%2FMyUUDDC%2BaK%2F7iCLpoA5Kcv7v5xgXIkae5x7upnGkI4SdLaGrz6DpVEo%2FkTXGHRdU2yO%2BJDpVxbVakkJpRqmEO
zoid,eBay,marketplace,Tomy Zoids Salamander RPZ-01  1/72 Scale Model Kit Pterosaur Type,69.99,,USD,Used,https://www.ebay.com/itm/286965056835?_skw=zoids&hash=item42d0734543:g:7gcAAeSwieNpIPDy&amdata=enc%3AAQALAAAA4ACCtXRWQnOEpyOqnQQ8KGbUvPuMg%2BtPaLavI52e4figauxeGCtHPfv4E4i%2FWQGlYmJujzu2edoNf1aWKZSvu1W%2F6ovK7VIoWtjC0YeQY20EBAdbwmMlGxa5rfbyCc2%2FvwpGlqmFqEHh9SNj%2FxmwN4Lc5y9s7FOYe831D2wtrz3XEBFFkCFIEszNYJeM5%2BGIaEvTjpYAKB1MPi8ZFj8hR96EJ%2FDtZDqgk63Fc35wyamVkpB%2BMp2dgCFYq6uI1iU3VDV0Jn%2F3GZoGlFVroqgSSQwblOeOKJPWA4zzo46cqg86
zoid,eBay,marketplace,TOMY Zoids EZ-062 Saberlion Lion Type Model Kit New Sealed US STOCK,70.39,0.0,USD,New,https://www.ebay.com/itm/236897035666?_skw=zoids&hash=item372829e592:g:2-wAAeSwd2NqMR-A&amdata=enc%3AAQALAAAA4ACCtXRWQnOEpyOqnQQ8KGZgVzVvIRJRAx4eALlZKch2BTYQXmQUbvIQJk8KHa8KteRFjhhGoon7YIEJ36FqAY68rDcvIGKygQR8Llx9yr2md4tzJdbkBdMsOdh0Mxnf2x2GisZlMefUPJnck5HLrvZykRWFqb4Hd2ty57NCB6Zlo5bGP40Pmg5lE4d2hdZ8Bi41nFDt26TXVdc%2BrAG%2F1fr6mSEZ3%2FyFCzK7m%2Flxq1Us7bBYkbpBBciCTbVF9FRMiToN5m40r50nG%2BTjSHUq%2FR7S7%2FjwCp1FEb78K2b0iC9s
zoid,eBay,marketplace,Bandai Namco Command Wolf Blade Liger Destiny Gundam Model Kit bundle,130.0,,USD,New,https://www.ebay.com/itm/318314500008?_skw=zoids&hash=item4a1d05cfa8:g:nD0AAeSwauxqCQVy&amdata=enc%3AAQALAAAA4ACCtXRWQnOEpyOqnQQ8KGZsrKkC0I61koQIhkjEjd5tMACwc2FWYVp4phOk9xm8gprIA8PmxUF%2BpQH1%2Bfi7DHOBYrVo6t%2BxIWYQ633mQcVEWySeNUoIcRlBjI1pJi2EYqPG1mE3H%2B5YsXdCCxoRHmKIRL%2BxK9VrDz5ordhgzgFqpyXVFQDbRvKe4FLi%2FK5RYAyUIMoS6idqatyUPCMNws8qRMbxQYq51j5pwUmHXRSuYa2i7K22n%2FGzuPSwOMLSEH7VWK7Yr3LG5cluzkIWEbXBsMjA2%2FxsOzMDBSaJ9ipK
zoid,eBay,marketplace,ZOIDS HMM Dual Sniper Rifle AZ Five Launch Missile SET KOTOBUKIYA Model Kit JP,61.62,0.0,USD,Used,https://www.ebay.com/itm/117140448944?_skw=zoids&hash=item1b461d66b0:g:vSEAAeSwVNVp3L49
zoid,eBay,marketplace,Kotobukiya HMM ZOIDS EZ-049 Berserk Fuhrer 1/72 ZD128X Repackage Unbuilt Japan,374.72,0.0,USD,Used,https://www.ebay.com/itm/287536869176?_skw=zoids&hash=item42f2886f38:g:vwIAAeSw1Llqh2QX
zoid,eBay,marketplace,ZOIDS HMM Liger Zero Jager Panzer Schneider Empire X Unit SET Model Kit,279.99,50.0,USD,New,https://www.ebay.com/itm/358889109685?_skw=zoids&hash=item538f7538b5:g:ssIAAeSw8fBqcuG4
zoid,eBay,marketplace,Zoids 1/72 EZ-044 Red horn  styracosaurus Type Empire Model Kit Open Box NEW,99.99,0.0,USD,Used,https://www.ebay.com/itm/318496225635?_skw=zoids&hash=item4a27dab963:g:Z1UAAeSwPZZqOxHp
zoid,eBay,marketplace,Zoids Gorem Gorilla Type 1/24 Scale E24-07 - Tomy,149.99,,USD,Used,https://www.ebay.com/itm/157947542069?_skw=zoids&hash=item24c6683a35:g:eh0AAeSwi69qF4Ja
zoid,eBay,marketplace,Zoids Customized Parts Viking Lance Unit Accessory Kit CP-14,8.49,0.0,USD,New,https://www.ebay.com/itm/372669363267?_skw=zoids&hash=item56c4d33443:g:GlYAAOSwVWxc2YER
zoid,eBay,marketplace,Zoids AZ-10 Sea Panther Plastic Model Kit Kotobukiya,89.95,7.95,USD,New,https://www.ebay.com/itm/177802037637?_skw=zoids&hash=item2965d3c985:g:v1cAAeSw2RtpzTEZ&amdata=enc%3AAQALAAAA4ACCtXRWQnOEpyOqnQQ8KGbO8JYE9Xnu1va4Uk7DHOHiqTc%2BPEWEgZ%2BzwaPQIqo5wOtZhuVkL%2BDaPknNl5NpMShowOWh3EOdbt6Z34DE7ELVn7E3DVh6OFNTaRxRSNy%2FDqkEjEpHd1yuijFabC5dWAeCmhkq9YTq6qQ%2FeDgm0cNnIYzQ68aY2ighRuqnlVWqT5vs0z%2BeSBkIhjRirlFmpWkGLPFFDQPbWPit%2FgSuZjacfqP4N%2FFzC5FcP9cRRi1B609UODGL0Izhfo%2BYdpQdmOkFsjOfEA0eCwrusTeT6G05
zoid,eBay,marketplace,"Hasbro Zoids #016 Zaber Fang Action Figure Model Kit 1/72 Scale, Motorized, 2001",95.0,10.0,USD,New,https://www.ebay.com/itm/256970607660?_skw=zoids&hash=item3bd4a44c2c:g:0-AAAeSwBaFoSLXo&amdata=enc%3AAQALAAAA4ACCtXRWQnOEpyOqnQQ8KGaqvtYnngbRix8sLWPleNNTgh7k4z62m6PK2RpRGkl%2Bj9QBZv8j39foehVk0b%2Ft%2FXtTcifG1Oa7IKKoiQ5zivGXBu%2FYGJW8QltCJX5frnZwt1SSHquIcgDV%2BxLtNnlZPW%2BJkDx1Vu2fm7owI2u0Fj8oUNsk1pkoftVxC0tunUNJNKZxefgZadiHIJG7HlXB50igbav04Dhj8nzHoJQkVeLq%2BQ0wb59PUFFpixGDgiFrfabK1FmYu%2FNZ40dNuAA6ijcxxgJtE6iqFiuAjncqVlmb
zoid,eBay,marketplace,TECHNO ZOIDS STRIKE 'ZILLA Mint Assembled Working Tomy/Kenner 1994,29.99,,USD,Used,https://www.ebay.com/itm/117355660738?_skw=zoids&hash=item1b52f145c2:g:I7AAAeSwvmNqfJzX
zoid,eBay,marketplace,Kotobukiya - Zoids HMM - W002 Fang Tiger - 1/72 Scale Model Kit,115.0,,USD,New,https://www.ebay.com/itm/318664610311?_skw=zoids&hash=item4a31e41207:g:OBUAAeSwKzZqbYRH
zoid,eBay,marketplace,Zoids: RZ-009 Command Wolf (Marking Plus Ver.) Model Kit,101.78,0.0,USD,New,https://www.ebay.com/itm/206504953523?_skw=zoids&hash=item3014a786b3:g:yXcAAeSwoxhqhoz1
zoid,eBay,marketplace,Hasbro Zoids Command Wolf Irvine #024 1/72 Scale Action Figure Model Kit,75.0,0.0,USD,New,https://www.ebay.com/itm/136114751927?_skw=zoids&hash=item1fb11249b7:g:DaMAAeSwGLloatQM
zoid,eBay,marketplace,Kotobukiya Zoids RZ-041 Liger Zero Jager Marking Plus Ver. 1/72 Scale Model Kit,110.99,0.0,USD,New,https://www.ebay.com/itm/157655377006?_skw=zoids&hash=item24b4fe246e:g:ItUAAeSwoRFpgQUQ
zoid,eBay,marketplace,ZOIDS 1/72 EZ-049 Sturm Tyrann Berserk Unit Set Exclusive,325.0,,USD,New,https://www.ebay.com/itm/318606682673?_skw=zoids&hash=item4a2e702a31:g:c9cAAeSwOzFqXTvZ
zoid,eBay,marketplace,Zoids Command Wolf 1/72 Scale Model Kit Hasbro *Near Complete* Action Figure Toy,33.75,7.5,USD,Used,https://www.ebay.com/itm/187838132560?_skw=zoids&hash=item2bbc067150:g:O4gAAeSw0dZpPKSL
zoid,eBay,marketplace,Takara Tomy Zoids RMZ-010 1:100 Canory Molga & Hell Cat Model Kit,59.99,,USD,New,https://www.ebay.com/itm/267657425332?_skw=zoids&hash=item3e51a031b4:g:HmsAAeSwTU5p9lkk
zoid,eBay,marketplace,Kotobukiya ZOIDS Blade Liger Mirage HMM 1/72 RZ-028 Model Kit JP,256.94,54.0,USD,Used,https://www.ebay.com/itm/206430278630?_skw=zoids&hash=item30103413e6:g:H3gAAeSwDhxqX1St&amdata=enc%3AAQALAAAA4ACCtXRWQnOEpyOqnQQ8KGYYixyT3umqSpqkXfvDhWZ37%2B8hJvRXMBLb4cH%2FxgrVwybyijMvE0dJSKxeLqVo2tybIUJAqD4OEBWF%2BDKMhSIL3oGWkzULAVFn4a%2FHOITo1MyD%2FmauOSN2XifgaR%2FwJblkq%2B95ztszkHD4tHYAyc4DhTUJl%2BmhPitTJcDvt6BI7XLj3JnvZLrV3qA1XU5jn2oKhwuX99W75q4yIVipUwEkDU4x2kzQ24GWFhm4sHhDvcjNgxbGP5rNsaNAxvipqBQP2k%2FupAMkqRsgGd1seF%2FL
zoid,eBay,marketplace,Tommy Zoids Genesis Lanstag Mass Production Type From Japan,95.16,0.0,USD,New,https://www.ebay.com/itm/116444367797?_skw=zoids&hash=item1b1ca00bb5:g:5TQAAOSw0i5ng1FX&amdata=enc%3AAQALAAAA4ACCtXRWQnOEpyOqnQQ8KGbLi0UCVDgPj10qXdmZDbxwWYB9xpabrPJfpOzvFt7eYDRCPfo1mTTA0z1uFKMErNy%2BoF18OxlkSIm9nlGsCWImEuxR6c6HkT0AhN4Y3jVYudbVmG4bgDrybNeTDTxTu6wqrKfZAkLTp21fowg34fkFESqkUoEChVJiOikuxDhCRz0dgpXmkh6ZgJZr0BTMvq4aWw%2B%2FLJY5T6vgklL0DX3A%2BtBL7WEEi9B%2BTyXCF7JxoiETj4losCO%2FVTOGv2Grevj0OcNPE9ZvMxycKGU2Dnip
zoid,eBay,marketplace,Zoids Battle Cougar Tomy Retro Mecha Model Limited Edition 1990 Wave Cannon ,24.99,4.99,USD,Used,https://www.ebay.com/itm/168194335757?_skw=zoids&hash=item272929e40d:g:5AYAAeSwkTtpoxJB&amdata=enc%3AAQALAAAA4ACCtXRWQnOEpyOqnQQ8KGblOcJabGxXOd5is%2BXW1wxwWhlwRJfssV2O0le9Pnr7KxTrOOVn5GC79%2Bnaveax03t6bAezrfF%2FN5LMmMQA%2FI1UkGkYK39yS6B2U5zIMfHFtjWBMZFwrkCQZGGOh84qrGhSBPARf1hWb7CbSMZXM7PwyROyEF%2Fu7x1Ceb3Gr0bI%2BJ22mOgxctFPWvFhNuWlc6GbRhvEuOH774G3aQ7FO1P8t3MYTGYdluncdyDr4kCLNA44L9YbjgasjtuVHinlVhvzQ7Da0Is6hyFh0G42WlDf
zoid,eBay,marketplace,NEW Takara Tomy ZOIDS AZ-07 Death Saurer Dinosaur Type 1/72 scale Model Kit,349.61,60.0,USD,New,https://www.ebay.com/itm/156558847421?_skw=zoids&hash=item2473a26dbd:g:au4AAOSwmDZnTrOT&amdata=enc%3AAQALAAAA4ACCtXRWQnOEpyOqnQQ8KGYQx7X4IEXPhbvhqTkwZ8DASg9IHlY4KDskRQgYXB%2BlJb829kSv6sL%2F4Va%2BsyvLnxEAJN5QMubMmqmTzLFs7vorl2%2B2%2Fq6XMJf2n2%2B349gMUHOMdlQDK1nm90Ey0jkblvJrrK0KkP%2BRHtI4jaEjR6T%2B%2BtNJYtYcxAFs1NPUH9wkqQXkyt1quvqMJz8TQG1L3h4srCH%2B2I8iD1z3zom5tzVTlcbdnB2%2BN%2B4i24IwLTVUi6ImgEELcGHLBUITHJqhVi%2BSV2S5ApBgUWtPGISeOWBe
zoid,eBay,marketplace,Zoids Vintage Gravity Ptera Bird Action Figure Model Kit Tomy NEW,140.0,,USD,New,https://www.ebay.com/itm/257668160192?_skw=zoids&hash=item3bfe381ac0:g:7WcAAeSw-ghqLIV1&amdata=enc%3AAQALAAAA4ACCtXRWQnOEpyOqnQQ8KGZ%2Brvt2NoKhCVS88vPnJuS2psOip%2BZwXblmZ%2FUhQWzPEb71CqE%2BLIh%2Fe4SxeHwcM03HHK9K9KYClv1dxhtRVIRQZA8QNBk23gpDUECiOtyGKSKCntvVLRq0nHQArQTkONtPqBN71lHKiOOPTyC0ddVVc7cPsCi7QUHWgAynurrV1wg2NFZefwkI8g%2FQWFkTvn55Ue6H0GVJLavAD4I3ZNbT4%2Fn2quPllYK3UvJVCqmd3V4rmaHK3D9afxleffd09KFmhainbW%2B9qTAkSfOiXTb4
zoid,eBay,marketplace,"Hasbro Zoids #016 Zaber Fang Action Figure Model Kit 1/72 Scale, Motorized, 2001",95.0,10.0,USD,New,https://www.ebay.com/itm/256970607660?_skw=zoids&hash=item3bd4a44c2c:g:0-AAAeSwBaFoSLXo&amdata=enc%3AAQALAAAA4ACCtXRWQnOEpyOqnQQ8KGaqvtYnngbRix8sLWPleNNTgh7k4z62m6PK2RpRGkl%2Bj9QBZv8j39foehVk0b%2Ft%2FXtTcifG1Oa7IKKoiQ5zivGXBu%2FYGJW8QltCJX5frnZwt1SSHquIcgDV%2BxLtNnlZPW%2FQUB1%2BTVT%2FfAoKrKD3YmKrOImEDExyTjcqayIYfOobHW%2BUTt2S434pzAmcEv7KhrmvUpEucuKIPYnNhyrdmLRgwfs0elSm5qaDxmaXAJyPiz7JMtW14yJcyQdeprPR64JBdd%2BromcuFlawe6zkCp%2FY
zoid,eBay,marketplace,Zoids Red Blade Liger Model RZ #028 Leon Version 100% Complete w/Instructions,110.0,,USD,Used,https://www.ebay.com/itm/287260258365?_skw=zoids&hash=item42e20bb03d:g:kwoAAeSwbkBpjjRB
zoid,eBay,marketplace,ZOIDS GORDOS Stegosaurus Type RZ-008 TAKARA Built Model Kit (READ DESC),84.99,,USD,Used,https://www.ebay.com/itm/297817880234?_skw=zoids&hash=item45575436aa:g:GD4AAeSwXtlpMcD5
zoid,eBay,marketplace,Zoids - Customize Parts: Pile Bunker Unit 1/72 Model Kit (USA Seller),10.0,0.0,USD,New,https://www.ebay.com/itm/365847164994?_skw=zoids&hash=item552e30b842:g:NtQAAOSwJSFoJ8Jx
zoid,eBay,marketplace,NEW Kotobukiya 1/72 Zoids HMM RZ-041 Liger Zero Jager Model Kit US Seller,130.0,0.0,USD,New,https://www.ebay.com/itm/147008283696?_skw=zoids&hash=item223a606430:g:vPsAAeSwh4BpK0Qx
zoid,eBay,marketplace,Zoids Gun Sniper Model Kit #030 Hasbro Assembled With Box,24.99,,USD,Used,https://www.ebay.com/itm/147485788506?_skw=zoids&hash=item2256d6895a:g:pT8AAeSw75Zqc8xM
zoid,eBay,marketplace,Zoids Highend Master Model #54 EHI-7 Reddra Zenebus (Empire Ver.) 1/72,60.0,,USD,New,https://www.ebay.com/itm/188544682832?_skw=zoids&hash=item2be6238b50:g:UgoAAeSwb5ZqOM6g
zoid,eBay,marketplace,Zoids HMM RZ-030 Gun Sniper Leena Special Takara Tomy Plastic Model,180.0,50.0,USD,New,https://www.ebay.com/itm/178416507154?_skw=zoids&hash=item298a73d912:g:KogAAeSwHQBqgwFu
zoid,eBay,marketplace,Takara Tomy Zoids 40th Anniversary AZ-01 RZ-028 Blade Liger 1:72 Motorized LED,130.0,,USD,New,https://www.ebay.com/itm/147359893792?_skw=zoids&hash=item224f558920:g:yHAAAeSw4hJqJtrQ
zoid,eBay,marketplace,Zoids 1/72 Liger Zero Empire Ver. X Unit Kotobukiya HMM Model Kit CAS Limited,50.0,,USD,New,https://www.ebay.com/itm/236616110960?_skw=zoids&hash=item37176b5370:g:NgIAAeSwIiNpgkpu
zoid,eBay,marketplace,Kotobukiya ZOIDS Blade Liger Mirage HMM 1/72 RZ-028 Model Kit JP,256.94,54.0,USD,Used,https://www.ebay.com/itm/206430278630?_skw=zoids&hash=item30103413e6:g:H3gAAeSwDhxqX1St&amdata=enc%3AAQALAAAA4ACCtXRWQnOEpyOqnQQ8KGYYixyT3umqSpqkXfvDhWZ37%2B8hJvRXMBLb4cH%2FxgrVwybyijMvE0dJSKxeLqVo2tybIUJAqD4OEBWF%2BDKMhSIL3oGWkzULAVFn4a%2FHOITo1MyD%2FmauOSN2XifgaR%2FwJblu%2FbuybHS9eHG5cIcBxqt3BEWwPCQpPPmvf5frdylm1Txz9nC9eOy%2BJf6BdzbyCQSXmaWsbtu%2FPBt1jahld62EU8Yn54MX%2FJiI%2FSddhpOWCyRMfBMPj7xiqXfTn8Aa4glxwvk9C6K8wpxMjdotovdu
zoid,eBay,marketplace,Zoids Genesis Decalto Dragon GZ-017 Model Kit Unopened Tomy Japan,389.22,0.0,USD,New,https://www.ebay.com/itm/116605329908?_skw=zoids&hash=item1b263821f4:g:ascAAOSwo6poJyKP&amdata=enc%3AAQALAAAA4ACCtXRWQnOEpyOqnQQ8KGahCe%2BGw%2BblSyqpxKvRFbJ0ogEz8ijZjl59Yb0W%2BUu2rqCwxYTP%2BUQh7E08MciTOXsrsyLfC%2B4Mh5JD%2FZ%2BqMVIdQKTZ2K6sbi2QRGdJn2mmj251QxYRTLXM7%2FzcB0Zz5vYQzDuqmt3mCSlYOsF8VHCmXatEGd418hvPfy1JCVrZcW9pNrzV3ofti92K%2BIgzvsg%2BbNRusjDWpbN0fZYH6%2Bc%2F96eoQM2IInczPPVaegMIxWsO3ZRgJ95tiM3K7LxCfs5RxCbAsoc8eG6ZnQDlrtlq
zoid,eBay,marketplace,Tommy Zoids Genesis Lanstag Mass Production Type From Japan,95.16,0.0,USD,New,https://www.ebay.com/itm/116444367797?_skw=zoids&hash=item1b1ca00bb5:g:5TQAAOSw0i5ng1FX&amdata=enc%3AAQALAAAA4ACCtXRWQnOEpyOqnQQ8KGbLi0UCVDgPj10qXdmZDbxwWYB9xpabrPJfpOzvFt7eYDRCPfo1mTTA0z1uFKMErNy%2BoF18OxlkSIm9nlGsCWImEuxR6c6HkT0AhN4Y3jVYudbVmG4bgDrybNeTDTxTu6xR%2FtXMJwbO6ueFOSbT4%2BFHNNVRqHljaQKD%2FgQph2rQxQjs670TvPRe825XLa5f4V%2FoRDS6pWOZ101NxjnbeiEiEhjK4OR0zt2EGkrj8PqGcXXoP1ZLkXPRtC43Nht9jewVl8PcoFO5TxI9FG%2Fn1Wgx
zoid,eBay,marketplace,BT Building Blocks ZOIDS RPZ-03 Shield Liger 1:72 Scale Full Action Plastic Kit ,59.41,10.0,USD,New,https://www.ebay.com/itm/127970153193?_skw=zoids&hash=item1dcb9d92e9:g:Wa8AAeSwU7hqUvPZ
zoid,eBay,marketplace,ZOIDS HMM Customize Parts Booster Cannon SET KOTOBUKIYA Model Kit From Japan,99.0,0.0,USD,Used,https://www.ebay.com/itm/117050895423?_skw=zoids&hash=item1b40c6ec3f:g:rMgAAeSw6HRpmoyO
zoid,eBay,marketplace,Zoids Blade Liger Miniature Mini Figure Toy Zoid Tomy Hasbro Gashapon,23.98,,USD,Used,https://www.ebay.com/itm/188756792082?_skw=zoids&hash=item2bf2c81312:g:08oAAeSwVf1qdLBH
zoid,eBay,marketplace,TAKARA TOMY 1/100 REALIZE MODEL ZOIDS RMZ-013 SHIELD LIGER BANG SPECIAL KIT,70.0,11.0,USD,New,https://www.ebay.com/itm/236798105420?_skw=zoids&hash=item372244574c:g:B20AAeSwrmRp-QLV
zoid,eBay,marketplace,Zoids Generations Chara Hobby 2006 Limited  Red's Tiger Zge-002 TAKARA TOMY,173.16,0.0,USD,Used,https://www.ebay.com/itm/116932234965?_skw=zoids&hash=item1b39b44ed5:g:OSEAAeSwRw5pQmDr
zoid,eBay,marketplace,HMM ZOIDS RZ-046 Firefox Marking Plus Ver. L240mm Model kit ZD184 Kotobukiya,104.44,0.0,USD,New,https://www.ebay.com/itm/358880897832?_skw=zoids&hash=item538ef7eb28:g:PaAAAeSwGGJqhtoL
zoid,eBay,marketplace,TAKARA TOMY | REALIZE MODEL: ZOIDS RMZ-003 RZ-009 COMMAND WOLF | WOLF TYPE *OBC,39.95,0.0,USD,New,https://www.ebay.com/itm/377345715287?_skw=zoids&hash=item57db8eac57:g:I7QAAeSwPpdqV8CY
zoid,eBay,marketplace,TOMY Zoids ATAK KAT 1/72 Model Kit Wind-Up WORKS,14.99,6.5,USD,Used,https://www.ebay.com/itm/236910515840?_skw=zoids&hash=item3728f79680:g:fjkAAeSwSF1pu0mW
zoid,eBay,marketplace,New Vintage Hasbro Zoids Zaber Fang Motorized 1/72 Action Figure Model Kit #016,78.99,9.95,USD,New,https://www.ebay.com/itm/286218793716?_skw=zoids&hash=item42a3f832f4:g:zrQAAOSwdPdnYObm
zoid,eBay,marketplace,HMM ZOIDS EZ-035 Lightning Saix Marking Plus Ver. 1/72 Model Kit Kotobukiya,110.01,1.24,USD,New,https://www.ebay.com/itm/287419340309?_skw=zoids&hash=item42eb871615:g:M-AAAeSwiCJqhz7S
zoid,eBay,marketplace,BT- Liger Zero Panzer RZ-041 Action Figure 1:72 Scale Plastic Building Model Kit,65.99,15.99,USD,New,https://www.ebay.com/itm/226580824246?_skw=zoids&hash=item34c14500b6:g:7VsAAOSwVCtnoW~t
zoid,eBay,marketplace,Zoids 1/72 Kotobukiya Shield Liger DCS-J HMM Model Kit NEW,85.0,,USD,New,https://www.ebay.com/itm/236590367640?_skw=zoids&hash=item3715e28398:g:naMAAeSw5ttpboJN
zoid,eBay,marketplace,NEW KOTOBUKIYA ZOIDS RMZ-016 Blade Liger Panzer (ZBF) Lion Type 1/100 Model Kit,118.0,30.0,USD,New,https://www.ebay.com/itm/158130647059?_skw=zoids&hash=item24d1523013:g:I6AAAeSw-jdqaa4q&amdata=enc%3AAQALAAAA4ACCtXRWQnOEpyOqnQQ8KGa0IVYiYmpJHWBuf4ghnYAXyz4nvRZrvjNOtHO%2B4DEur75VbO1Ibx2SQmFb7c5%2FuZUEixCZOLHrwcWIfZuAIpuE5nYE%2F0bm7kdK%2BMHQosz9JcmElbOXLfb1O5udD5lC9C3CZI9ydOGJbhqhlUvsO75ipMNdvweMhtntUaPZjsnyMyjxb42b6qiNZKDpnp5t21Y6DJ82ncfZQ9My46nbu%2FQvguVc8PE9BuuaBH%2BxJYH0AYqnb4e%2FcXPeKEXJdyWJ1BuhjnbNa2ZJlZYwsaW4es%2F8
zoid,eBay,marketplace,ZOIDS Spider Zoids Black Spider-Man Synergenex Sealed New US STOCK,64.75,0.0,USD,New,https://www.ebay.com/itm/236842510394?_skw=zoids&hash=item3724e9e83a:g:XN4AAeSw8g5qF~XW&amdata=enc%3AAQALAAAA4ACCtXRWQnOEpyOqnQQ8KGaSD6pryNUyDilfg2SrR%2BMWVnlrnJrNuDpnqdKqcdJNpxVWfX%2B9jBIIu45gEdYyOxUlAQZqp0GREJGu4WqbUX2sGYMQEi4gMQunR0ptUzVrDmvlgzRq2ZMoVRxT41f4D%2BVL2Jddnlkv0jHuMoINVdRQrLPI3emVWJmctRop04p%2F3ZgWkR2LA3f0NMAaexnGsl0DV5ltCOMZ5IquY967UG2pNm9IKqrZFqSLQrstfPIZkIJluikp1FORl8u7sXYFTg20r5Oa%2F4JhudSIBMW%2FkT%2Fu
zoid,eBay,marketplace,NEW KOTOBUKIYA ZOIDS HMM Gun Sniper Leena Special 2001 Re/color Model Kit Japan,89.0,15.0,USD,New,https://www.ebay.com/itm/157857180932?_skw=zoids&hash=item24c1056d04:g:DloAAeSwBeNp6xu0&amdata=enc%3AAQALAAAA4ACCtXRWQnOEpyOqnQQ8KGY1E621sa5GkZu8D9XnF3AGWUhokDYOpVtQJEgWU%2FCXAG9qmT8C2rtNNAhgQh9yBIqOU%2F7%2BRI9B7ZKFz3ZoiNJKO3NJ1i%2FOVwlIhXfYpoxv8eKUbo3fMQ30EtUGQ47XJSjVkeP%2FEjX3JuSyKbVxLIbtrcqZD5x3S1i0r9L1WM%2FW9XQ%2FP3fPTPi8asf3nYq4C8aRIpIPSTYHVvKIoENNAUXPBM%2BPzrJ5G4G6cBkDkUMHDprVA%2BB%2F2sVHgeveGvDeQVzqWxdjVnEKfDNhJkUDoADl
zoid,eBay,marketplace,Zoids REALIZE MODEL RMZ-002 EZ-026 Geno Saurer Tyrannosaueus Type 1/100 Kit,80.0,,USD,New,https://www.ebay.com/itm/306943216201?_skw=zoids&hash=item47773dca49:g:0U4AAeSw5vBqCOvR&amdata=enc%3AAQALAAAA4ACCtXRWQnOEpyOqnQQ8KGZKiMH8FUmnPWtZ2pkyFdJFPlM0iENf3abARZOydeYJerUOMiACvU%2BVrlJxxJYHo7TT%2B%2B5AUiM10Pxa4Wa4%2BEHBewB8vY2BCa3frlA7pfTAdcu7iYQ5loiEpD4uSYQoGBuqj5A5UW3gT%2BckGIawWTwPSRWPV%2Bai7TGPGF0H4PhE39i6FQwpipbdplxbi1VYR2uu4dZdgMQs%2FWc2zqlGkwf8Wmkuwzgrt9K0rqV4jKl7wLoQn4AOE61mT2JCuxaP65cThsQGAMMYUvL%2BBMDe6GlX
zoid,eBay,marketplace,ZOIDS Liger Zero Schneider Panzer Jager Ver HMM Built SET KOTOBUKIYA Model Kit,379.99,35.0,USD,Used,https://www.ebay.com/itm/358827472882?_skw=zoids&hash=item538bc8b7f2:g:L6gAAeSwnQxqXtpa
zoid,eBay,marketplace,Zoids RZ-029 Storm Sworder Kotobukiya 1/72 HIGHEND MASTER MODEL,95.0,0.0,USD,New,https://www.ebay.com/itm/317339557015?_skw=zoids&hash=item49e2e95c97:g:K1wAAeSwXXho15FU
zoid,eBay,marketplace,Zoids Dibison Model RZ 031 With Pieces,30.0,13.0,USD,Used,https://www.ebay.com/itm/147479064789?_skw=zoids&hash=item22566ff0d5:g:XfkAAeSwQtRqb9cI
zoid,eBay,marketplace,2001 Hasbro Zoids Zi-Comm Gauntlet Figure Model Kit Sealed MOC New FREESHIP,38.88,0.0,USD,New,https://www.ebay.com/itm/177474618296?_skw=zoids&hash=item29524fc3b8:g:lo8AAeSw9~xpFVmG
zoid,eBay,marketplace,Kotobukiya - Evangelion x ZOIDS - T-SPARK: Synergenex - Xeno Rex Text Type-01 Mo,70.0,0.0,USD,New,https://www.ebay.com/itm/147302630657?_skw=zoids&hash=item224bebc501:g:Sv8AAeSw6oxp~3SY
zoid,eBay,marketplace,Zoids Wild ZWR08 Xeno Rex Storm XA Biographies Unassembled Model Kit Takaratomy,92.0,15.0,USD,Used,https://www.ebay.com/itm/147497814080?_skw=zoids&hash=item22578e0840:g:mqwAAeSweFVp9Oo3
zoid,eBay,marketplace,Tomy Zoids Generations 1/72 Liger Blue Souga ZGe-001 Model Kit Toy O5506,231.48,40.0,USD,Used,https://www.ebay.com/itm/158208192020?_skw=zoids&hash=item24d5f16e14:g:UzIAAeSwVsxqhqhE&amdata=enc%3AAQALAAAA4ACCtXRWQnOEpyOqnQQ8KGaPlot7Fzf6rWRijmUgXDG0OjCz7OU1YoXrfuATFurs8aB83Fc4p1K45ZFXB7PU5A3vHvACPRX2OWbEoc3t%2B8d7rD2OrWbezCR7EpymQrghFVA7L17yDGrHpbFHY0ROSSlNi8MEQQmSf4nAVUEjtUrYkMfi4%2FXvpVLqC9Lwpi2Co%2B2C9mN5kDEhwcGBWMgkptwV7MWwjZgQIaz1a4RK3w4Qa229lFm3gdTOqb6QN5g6tGPFOxbcluBrjid6ChVYFeS3JMkzr7Eh5f9%2BTyhfm2T7
zoid,eBay,marketplace,ZOIDS EZ-049 Sturm Tyrann About 330mm 1/72 Scale Plastic Model Kit Kotobukiya,179.64,3.72,USD,New,https://www.ebay.com/itm/287516925388?_skw=zoids&hash=item42f1581dcc:g:Ji0AAeSwrd5qh1L6&amdata=enc%3AAQALAAAA4ACCtXRWQnOEpyOqnQQ8KGZjTzUHv8GqMJQNidAYQ0kZB8QILf23ru78fLcaMDqok%2BMFLlKidPCVrh7HoSsYjnBzQicopLeL%2BeEQUPW299hmf3dtlAzOAAD30kYOyI6S3m8kSajSPMXqGk6gYFPZwYWFr%2FLcsRQvhJ7vqVmM0UEG%2FarG8xGlY7NkKnYbw8rNj1%2B5lbW31eiXEV9mkBN40m3vtwFoWEu8MXVYxqqEvo7aKqmkiPi%2BY4oR1HnzAPYlVNlENfkBlQSu9%2BV6g7mcgIiTsRv2pZr2WLsjEKUr7lBb
zoid,eBay,marketplace,ZOIDS BLOX SAINT GALE TOMY MODEL KIT BUILT & COMPLETE,99.99,14.99,USD,Used,https://www.ebay.com/itm/127865258613?_skw=zoids&hash=item1dc55d0275:g:88oAAeSwamJqBj9Q
zoid,eBay,marketplace,KOTOBUKIYA RZ-041 LIGER ZERO PANZER Marking Plus Ver. ZOIDS Plastic Model Kit,89.3,36.0,USD,New,https://www.ebay.com/itm/187478143625?_skw=zoids&hash=item2ba6917289:g:zGwAAeSwH7BomFOy
zoid,eBay,marketplace,Takara Tomy Zoids Wild ZW24 Pachycedos Plastic Model Kit New Sealed Japan,111.0,27.0,USD,Used,https://www.ebay.com/itm/147518423211?_skw=zoids&hash=item2258c880ab:g:-vYAAeSwUkpqh3WK
zoid,eBay,marketplace,Zoids Customization Parts 9-Piece Set 1/72 Scale Model Kit TOMY Sealed,190.0,41.25,USD,New,https://www.ebay.com/itm/407014085111?_skw=zoids&hash=item5ec3ee11f7:g:9twAAeSw4BZqNftb
zoid,eBay,marketplace,Zoids - RZ-028 Blade Liger AB Ver. #016 1/72 HMM -Plastic model kit- Kotobukiya,110.0,20.0,USD,New,https://www.ebay.com/itm/306743541917?_skw=zoids&hash=item476b57009d:g:ouIAAeSwDXtpf2cp
zoid,eBay,marketplace,TOMY - Zoids Quick Kit - QK-003 Soul Tiger - Plastic Model Kit,60.0,0.0,USD,New,https://www.ebay.com/itm/317781183252?_skw=zoids&hash=item49fd3c0b14:g:b48AAeSw3xRpbvLu
zoid,eBay,marketplace,Zoids Energy Liger Figure #102 & Battle Cougar Hasbro Vintage 2001 Complete,110.0,,USD,Used,https://www.ebay.com/itm/287260257740?_skw=zoids&hash=item42e20badcc:g:LzMAAeSwzGxplG-W
zoid,eBay,marketplace,Hasbro Zoids Dark Spiner Figure Model Kit #060 Appears Complete ,89.99,,USD,Used,https://www.ebay.com/itm/168594983529?_skw=zoids&hash=item27410b4a69:g:9sUAAeSwKE5p-8T0
zoid,eBay,marketplace,ZOIDS 1/72 ENERGY LIGER #102 HASBRO 2003 TOMY,149.99,0.0,USD,New,https://www.ebay.com/itm/127284346801?_skw=zoids&hash=item1da2bcffb1:g:rIIAAeSwkQtojoAo&amdata=enc%3AAQALAAAA4ACCtXRWQnOEpyOqnQQ8KGbNH6ivt1Ba%2BhiV3lHJXv%2B5k3F9Wd1VoFEtjmrD10KCZJsqP5I0AVJcfVHz8LC5oQs%2FnMzf95PDSzZsjUp6wgmpZkLVlWqbKMtzhaAasp0NONO9tIOkz0Kw5%2FWQ4jSRpfdVvmuPUU8mdAy1whOGKDTGPf98kNgDqXHx58%2FgBGqaPshPLdFYk%2FJHTPkmL%2FORLuPjXg2YSGhc8eq298Zis8nbGea7E0aA13YDu2A1VCY5t4moZU%2BmUkFAJ9erFdLx4A4Fc7EBj8CgAHiabz%2F294wh
zoid,eBay,marketplace,Takara Tomy ZOIDS RZ-041 Liger Zero Schnaider,257.2,55.0,USD,Used,https://www.ebay.com/itm/318697741368?_skw=zoids&hash=item4a33dd9c38:g:HfEAAeSwMwFqdyp7&amdata=enc%3AAQALAAAA4ACCtXRWQnOEpyOqnQQ8KGaNZpROKB5krzpteMSruJB4dpQbBHdGYE4d1gntUtRDeKJS8FAax63X6icbDVuXI5uKlrfKzOTgDDDzgiIGqcEhWKBd6PJOM4VU8QvuDGMuaO2rDf%2Fj0cjpGnarjyt9w60%2B%2FR6TDuT%2FJszQJDJQum7GuKuryeNLkWWU6qjTvZcurikhbS0nCa5dytxXSLxKQgDQjcUcQchXcJaP%2FKDzw7hG1Zkshhx8%2BY%2Fx9%2B36jRErEPbqIHqfQFd%2B9FlMQoTq8%2BAjWzyu1VZ%2BpvOCRHpI%2F5Rf
